股票代码,股票简称,预测日期,同期每股收益,增长率（%）,估值,最新价,安全度
600725,ST云维,2017-10-26,2.48,0.0,32.49192069176347,3.03,10.723406168898835
338,潍柴动力,2017-10-31,0.61,150.0,45.99638362120411,8.67,5.305234558385711
2354,天神娱乐,2017-10-26,1.87,64.0,85.97201130618284,17.84,4.819058929718769
600641,万业企业,2017-10-27,0.8912,115.0,62.82725215112963,14.16,4.436952835531753
2110,三钢闽光,2017-10-25,0.98,236.0,97.33775055282794,23.24,4.188371366300686
601006,大秦铁路,2017-10-26,0.48,105.0,33.165838253179764,9.75,3.4016244362235657
2503,搜于特,2017-03-24,0.26,121.0,18.548006623899166,5.82,3.186942718883018
513,丽珠集团,2017-10-26,1.98,451.0,216.9702945549748,73.98,2.93282366254359
603776,永安行,2017-12-18,1.62,330.0,169.13639244417536,60.25,2.807243028119093
2171,楚江新材,2017-10-27,0.421,70.0,19.91061576477271,7.12,2.7964347984231335
2601,龙蟒佰利,2017-10-24,0.43,450.0,47.103158388256595,17.25,2.7306178775800927
2067,景兴纸业,2017-10-27,0.29,91.0,15.129029515982564,6.05,2.5006660356995973
2537,海联金汇,2017-10-24,0.6,65.0,27.71511757992925,11.16,2.4834334749040545
600380,健康元,2017-10-27,0.289,337.0,30.269088943527287,12.49,2.423465888192737
603528,多伦科技,2017-10-18,1.6299,0.0,21.354266748187612,9.13,2.3389120206120055
601088,中国神华,2017-10-28,1.142,80.0,56.604687094041864,24.36,2.3236735260279913
926,福星股份,2017-10-26,0.61,55.0,26.876580317891502,11.71,2.2951819229625534
2094,青岛金王,2017-10-25,0.53,160.0,40.707061669350175,18.18,2.239112303044564
2091,江苏国泰,2017-10-31,0.75,40.0,19.259323958424314,8.99,2.1423052234064865
300366,创意信息,2017-10-28,0.5149,80.0,25.521675468233063,12.06,2.1162251632034046
600210,紫江企业,2017-10-31,0.14800000000000002,110.0,10.329871779154105,4.89,2.1124482165959315
2434,万里扬,2017-10-25,0.3,125.0,21.56977040356446,10.34,2.0860512962828297
2128,露天煤业,2017-10-26,0.5,65.0,23.095931316607707,11.12,2.076972240702132
2078,太阳纸业,2017-10-30,0.42,80.0,20.817835883973363,10.07,2.0673124015862325
2503,搜于特,2017-10-30,0.26,65.0,12.009884284636009,5.82,2.063554000796565
2619,艾格拉斯,2017-10-31,0.27,78.0,13.258215190000262,6.46,2.0523552925697
2534,杭锅股份,2017-10-24,0.31,108.0,21.549977703620964,10.68,2.017788174496345
2589,瑞康医药,2017-10-31,1.005,40.0,25.80749410428858,13.25,1.9477354040972512
600826,兰生股份,2017-10-28,2.0,0.0,26.20316184819635,13.5,1.940974951718248
600100,同方股份,2017-10-31,1.4516,0.0,19.018254869420907,10.18,1.8681979243046078
2217,合力泰,2017-10-24,0.61,48.0,17.505598742248228,9.41,1.8603186761156458
600730,中国高科,2017-10-27,0.96,0.0,12.577517687134247,6.9,1.822828650309311
2753,永东股份,2017-10-26,0.535,127.0,38.61609055302329,21.25,1.8172277907305079
600019,宝钢股份,2017-10-28,0.55,50.0,16.21320639357149,9.09,1.7836310663995039
980,众泰汽车,2017-10-27,0.16,1350.0,21.389151663517872,12.23,1.7489085579327777
2456,欧菲科技,2017-10-24,0.6892,80.0,34.16107736008201,19.6,1.7429121102082656
600382,广东明珠,2017-10-25,0.5,60.0,22.556899767993922,12.98,1.737819704776111
2383,合众思壮,2017-10-26,0.4613,159.0,35.3658365833825,20.4,1.7336194403618874
2648,卫星石化,2017-10-27,0.39,192.0,31.70378563678333,18.37,1.7258457069560875
2597,金禾实业,2017-10-25,0.97,63.0,44.38503160157014,25.82,1.7190174903783944
600894,广日股份,2017-10-28,1.2422,0.0,16.27478382391475,9.49,1.7149403397170442
2068,黑猫股份,2017-10-25,0.16,409.0,17.26460293977102,10.09,1.7110607472518355
2206,海利得,2017-10-26,0.54,20.0,10.187789326578741,6.05,1.6839321200956598
631,顺发恒业,2017-10-26,0.16,80.0,7.930604146275567,4.74,1.673123237610879
2142,宁波银行,2017-10-27,1.95,10.0,30.913180190409648,18.51,1.6700799670669717
2620,瑞和股份,2017-10-24,0.721,30.0,15.964145340204386,9.62,1.6594745675888136
2131,利欧股份,2017-10-30,0.37,0.0,4.847584941916324,2.93,1.654465850483387
2101,广东鸿图,2017-10-25,0.69,75.0,33.40882356421749,20.37,1.6400993404132298
2146,荣盛发展,2017-10-27,0.95,20.0,17.922962704166302,11.05,1.6219875750376742
2662,京威股份,2017-10-24,0.85,2.0,11.58625207441698,7.22,1.6047440546283904
2335,科华恒盛,2017-10-31,0.67,145.0,50.050991907524484,31.3,1.5990732238825713
2668,奥马电器,2017-10-20,1.84,15.0,31.881387020700494,20.04,1.5908875758832584
11,深物业A,2017-10-31,0.5954,69.0,28.02631179009358,17.76,1.5780580962890527
2088,鲁阳节能,2017-10-26,0.45,70.0,21.28213086495896,13.57,1.5683220976388326
2643,万润股份,2017-10-26,0.92,20.0,17.35697440824526,11.3,1.5360154343579875
2599,盛通股份,2017-10-27,0.27,105.0,18.655784017413623,12.21,1.5279102389364145
2404,嘉欣丝绸,2017-11-30,0.19,100.0,10.331415336587709,6.77,1.5260583953600753
2496,辉丰股份,2017-10-23,0.12,140.0,8.880244610023912,5.86,1.5154001040996434
600585,海螺水泥,2017-10-28,1.61,50.0,47.46047689754563,31.56,1.5038173921909264
2195,二三四五,2017-10-25,0.33,50.0,9.727923836142894,6.48,1.5012228142195823
2435,长江润发,2017-10-25,0.48,92.0,25.157223932220035,17.09,1.472043530264484
2845,同兴达,2017-10-24,1.36,48.0,39.028875884356715,26.64,1.4650478935569338
2596,海南瑞泽,2017-10-24,0.22,149.0,16.55801854516845,11.36,1.4575720550324343
2148,北纬科技,2017-10-24,0.31,54.0,13.594169173492705,9.34,1.4554784982326237
2039,黔源电力,2017-10-26,0.4244,100.0,23.077119309725386,15.9,1.4513911515550557
2608,江苏国信,2017-10-24,0.33,59.0,14.817355404820681,10.26,1.444186686629696
2429,兆驰股份,2017-10-26,0.23,30.0,5.09258450519696,3.54,1.4385831935584634
2562,兄弟科技,2017-10-25,0.32,165.0,24.80214762049991,17.29,1.434479330277612
2649,博彦科技,2017-10-24,0.7,40.0,17.975369027862694,12.59,1.42774972421467
2582,好想你,2017-10-26,0.21,158.0,16.070334609597925,11.41,1.4084429982119129
2019,亿帆医药,2017-10-30,0.64,65.0,29.562792085257865,21.0,1.4077520040598983
2136,安纳达,2017-10-18,0.1977,266.0,19.986787128685474,14.5,1.378399112323136
155,川化股份,2017-11-09,1.85,-66.0,8.240894401257751,6.0,1.3734824002096253
2766,索菱股份,2017-10-26,0.42,90.0,21.80980510413871,15.89,1.3725490940301266
2221,东华能源,2017-10-25,0.325,100.0,17.67215781258424,12.9,1.369934714153817
2416,爱施德,2017-10-31,0.1861,102.0,12.780405517603052,9.34,1.3683517684799842
2682,龙洲股份,2017-10-21,0.19,188.0,15.338891972101726,11.31,1.3562238702123541
2717,岭南园林,2017-10-27,0.67,80.0,33.20940486252894,24.51,1.3549328789281494
2759,天际股份,2017-10-27,0.3,170.0,23.46229376805044,17.41,1.3476331859879633
2567,唐人神,2017-10-26,0.408,40.0,10.477072233382827,7.8,1.3432143888952344
2241,歌尔股份,2017-10-20,1.08,25.0,22.108917809415672,16.68,1.3254746888138893
300319,麦捷科技,2017-10-30,0.73,0.0,9.564154074591666,7.23,1.3228428872187643
2065,东华软件,2017-10-27,0.5731,25.0,11.732056293126039,8.87,1.3226670003524283
600718,东软集团,2017-10-28,1.51,0.0,19.78338719538824,14.97,1.3215355507941375
300004,南风股份,2017-10-28,0.18,135.0,13.194198690736805,10.07,1.3102481321486399
2823,凯中精密,2017-10-24,1.16,15.0,20.099135295659003,15.4,1.3051386555622728
600708,光明地产,2017-10-31,0.7667,0.0,10.04498209450607,7.74,1.2978013041997505
603260,合盛硅业,2017-10-27,1.09,111.0,76.23091346316895,59.37,1.2839971949329452
2092,中泰化学,2017-10-20,0.9487,22.0,18.50002288409468,14.56,1.270605967314195
300343,联创互联,2017-10-27,0.36,58.0,16.08815807990195,12.95,1.242328809258838
300349,金卡智能,2017-12-22,0.48,290.0,49.15275250237532,40.14,1.224532947244029
2783,凯龙股份,2017-10-21,1.3,10.0,20.608786793606434,17.26,1.1940200923294573
2087,新野纺织,2017-10-23,0.2721,40.0,6.987282732116341,5.87,1.1903377737847258
2051,中工国际,2017-10-21,1.38,10.0,21.877019827059137,18.45,1.1857463320899262
2016,世荣兆业,2017-10-31,0.1157,786.0,13.929564856657512,11.79,1.181472846196566
2370,亚太药业,2017-10-24,0.57,50.0,16.802777535155904,14.23,1.1807995456891007
2853,皮阿诺,2017-10-23,1.88,25.0,38.485893964538384,32.85,1.1715645042477438
603608,天创时尚,2017-10-28,0.44,50.0,12.970565114857191,11.18,1.1601578814720206
2699,美盛文化,2017-10-28,0.41,80.0,20.322173124831142,17.52,1.159941388403604
300418,昆仑万维,2017-12-11,0.47,95.0,24.976475287862645,21.65,1.153647819300815
2121,科陆电子,2017-10-26,0.2293,60.0,10.344594233602013,8.99,1.1506778902783106
2536,西泵股份,2017-10-26,0.32,95.0,17.005259770459674,14.96,1.1367152252981065
2445,中南文化,2017-10-20,0.3,70.0,14.188087243305969,12.51,1.1341396677302933
2859,洁美科技,2017-10-28,1.75,30.0,38.74792558302035,34.23,1.131987308881693
2449,国星光电,2017-10-23,0.4042,70.0,19.116082879147577,16.98,1.1257999339898455
603167,渤海轮渡,2017-10-26,0.4621,50.0,13.622041226307974,12.21,1.1156462920809151
2002,鸿达兴业,2017-10-26,0.3382,34.0,7.956222202812475,7.14,1.1143168351277977
2239,奥特佳,2017-10-26,0.41,-19.0,4.351035024893003,3.93,1.1071335941203568
2394,联发股份,2017-10-27,1.22,-15.0,13.586339418289807,12.37,1.0983297832085537
2334,英威腾,2017-10-27,0.0933,215.0,9.140031327921456,8.33,1.09724265641314
2247,帝龙文化,2017-10-30,0.54,40.0,13.866713250065509,12.71,1.0910081235299376
2188,巴士在线,2017-10-30,0.31,75.0,15.009761311460032,13.79,1.0884525969151584
600338,西藏珠峰,2017-10-19,0.9958,60.0,44.924321577936695,41.59,1.0801712329390885
2080,中材科技,2017-10-21,0.5276,80.0,26.151167172343683,24.6,1.0630555761115317
2323,雅百特,2017-10-30,0.32299999999999995,30.0,7.15175997903747,6.78,1.054831855315261
2108,沧州明珠,2017-10-20,0.79,10.0,12.523801205345448,11.93,1.0497737808336502
2627,宜昌交运,2017-10-24,0.3812,80.0,18.894664378501542,18.23,1.0364599220242205
2822,中装建设,2017-10-30,0.68,-10.0,8.018167525548083,7.77,1.0319391924772308
2277,友阿股份,2017-10-27,0.4695,0.0,6.1511922438640925,6.02,1.021792731538886
2042,华孚时尚,2017-10-25,0.58,30.0,12.84216962180103,12.65,1.0151912744506744
2245,澳洋顺昌,2017-10-25,0.211,70.0,9.978954694458531,9.87,1.0110389761356162
965,天保基建,2017-10-30,0.29,27.0,6.128146563018603,6.15,0.9964465956127809
786,北新建材,2017-11-01,0.7929999999999999,50.0,23.376495763822163,23.5,0.9947445005881772
2532,新界泵业,2017-10-28,0.36,15.0,6.237662677963139,6.31,0.988536082086076
2763,汇洁股份,2017-10-25,0.85,10.0,13.474975980434975,13.65,0.9871777275043937
8,神州高铁,2017-12-29,0.192,55.0,8.459513804975687,8.67,0.9757224688553272
2083,孚日股份,2017-10-20,0.42,10.0,6.6582234256266934,6.87,0.9691737155206249
2706,良信电器,2017-10-21,0.65,20.0,12.263079744955892,12.67,0.967883168504806
300035,中科电气,2017-10-28,0.1,120.0,7.119830009910895,7.38,0.9647466138090643
2696,百洋股份,2017-10-25,0.3367,80.0,16.688965100318647,17.49,0.9542004059644739
58,深赛格,2017-10-31,0.1371,95.0,7.285690982906317,7.69,0.9474240549943195
2440,闰土股份,2017-10-25,0.86,28.0,18.46044195999651,19.5,0.9466893312818723
2821,凯莱英,2017-10-24,2.75,25.0,56.295855533234345,59.5,0.9461488324913335
300677,英科医疗,2017-12-12,1.18,63.0,53.994162154487384,57.12,0.9452759480827624
600415,小商品城,2017-10-17,0.19,50.0,5.600925845051969,5.95,0.9413320747986502
2468,申通快递,2017-10-31,1.23,20.0,23.205520132762686,24.77,0.9368397308341819
2279,久其软件,2017-10-28,0.4037,37.0,9.927127216350774,10.67,0.9303774335848898
2322,理工环科,2017-10-24,0.38,62.0,17.306016110322382,18.66,0.9274392342080591
2635,安洁科技,2017-10-27,1.0,30.0,22.141671761725917,23.89,0.9268175706038475
2233,塔牌集团,2017-10-20,0.5077,30.0,11.241326753428247,12.16,0.9244512132753492
2237,恒邦股份,2017-10-28,0.22,70.0,10.404597311757712,11.29,0.9215763783664936
2008,大族激光,2017-10-26,0.71,115.0,50.05312951896548,54.34,0.9211102230210798
2793,东音股份,2017-10-21,1.09,5.0,15.74449733601188,17.1,0.9207308383632677
2326,永太科技,2017-10-24,0.35,50.0,10.317494977727312,11.26,0.9162961791942551
600260,凯乐科技,2017-10-28,0.2733,300.0,28.12826316173365,30.85,0.911775143005953
2381,双箭股份,2017-10-31,0.13,100.0,7.068863125033696,7.8,0.9062645032094482
600787,中储股份,2017-10-31,0.3489,50.0,10.285068564940168,11.39,0.902991094375783
2048,宁波华翔,2017-10-25,1.35,10.0,21.401432439514377,23.91,0.8950829125685644
2244,滨江集团,2017-10-30,0.46,10.0,7.2923399423530455,8.18,0.8914841005321572
2770,科迪乳业,2017-10-27,0.16,40.0,4.108655777797187,4.61,0.8912485418215156
300068,南都电源,2017-10-30,0.48,50.0,14.149707398026028,15.89,0.890478753809064
2061,浙江交科,2017-10-27,0.12,541.0,13.543854333009046,15.3,0.8852192374515716
2852,道道全,2017-10-27,2.74,-20.0,28.718665385623204,32.82,0.8750355083980257
2611,东方精工,2017-10-26,0.15,190.0,12.15170763168877,13.9,0.8742235706250914
2711,欧浦智网,2017-10-24,0.34,40.0,8.730893527819022,10.01,0.872217135646256
2118,紫鑫药业,2017-10-27,0.13,83.0,6.5345301230514785,7.5,0.8712706830735305
2145,中核钛白,2017-10-24,0.05,340.0,5.243908965180315,6.02,0.8710812234518795
2283,天润曲轴,2017-10-25,0.17,50.0,5.011354703467552,5.76,0.8700268582408944
2385,大北农,2017-10-25,0.22,40.0,5.649401694471132,6.5,0.869138722226328
2097,山河智能,2017-10-26,0.0886,150.0,6.680786211210958,7.69,0.8687628363083171
300379,东方通,2017-10-30,0.8792,0.0,11.518909948467114,13.31,0.8654327534535773
2147,新光圆成,2017-10-28,1.22,-22.0,12.467464407371825,14.42,0.8645953125777964
2152,广电运通,2017-10-31,0.54,0.0,7.074853699013015,8.2,0.8627870364650019
2572,索菲亚,2017-10-26,1.48,30.0,32.769674207354356,38.04,0.8614530548726171
600983,惠而浦,2017-10-31,0.49,0.0,6.419774652808105,7.46,0.8605596049340624
2683,宏大爆破,2017-10-25,0.09,131.0,6.546632055648776,7.65,0.8557688961632387
2477,雏鹰农牧,2017-10-26,0.28,3.0,3.8918508166652113,4.55,0.855351827838508
615,京汉股份,2017-10-31,0.14,127.0,10.105145191445347,11.87,0.8513180447721439
2185,华天科技,2017-10-21,0.3669,20.0,6.922036859114334,8.14,0.8503730785152743
2309,中利集团,2017-10-26,0.12,263.0,12.11123415051513,14.35,0.8439884425446085
2775,文科园林,2017-10-25,0.5736,50.0,16.908900340641104,20.12,0.8404026014235141
2501,利源精制,2017-10-30,0.58,5.0,8.377805921914577,10.05,0.833612529543739
2615,哈尔斯,2017-10-20,0.44,20.0,8.301161673508604,10.04,0.826808931624363
2636,金安国纪,2017-10-31,0.469,45.0,12.919108655777796,15.64,0.8260299652031838
2149,西部材料,2017-10-28,0.1114,112.0,7.806556051601483,9.46,0.825217341606922
2787,华源控股,2017-10-25,0.76,-10.0,8.961481352083151,10.89,0.8229092150673233
2139,拓邦股份,2017-10-24,0.35,40.0,8.987684513931347,10.96,0.8200442074754878
2196,方正电机,2017-10-30,0.46,15.0,7.9703467551751235,9.78,0.8149638808972519
603365,水星家纺,2017-11-17,0.99,21.0,18.990204384662416,23.35,0.8132849843538508
300138,晨光生物,2017-10-26,0.3558,47.0,10.073127172678836,12.39,0.8130046144212135
603869,北部湾旅,2017-10-28,0.68,40.0,17.461787055638045,21.57,0.8095404290977304
601208,东材科技,2017-10-28,0.07,120.0,4.983881006937627,6.19,0.8051504049980011
2837,英维克,2017-10-28,1.2,0.0,15.721897108917807,19.66,0.7996895782765924
300249,依米康,2017-12-22,0.1262,80.0,6.255264020374855,7.83,0.7988842937898921
2640,跨境通,2017-10-23,0.29,80.0,14.374220015124466,18.0,0.7985677786180259
2406,远东传动,2017-10-28,0.2085,45.0,5.7433564066730725,7.2,0.7976883898157044
2765,蓝黛传动,2017-10-28,0.62,-10.0,7.310682155646781,9.17,0.7972390573224406
2203,海亮股份,2017-10-30,0.3298,20.0,6.222097999825312,7.85,0.7926239490223328
2202,金风科技,2017-10-27,1.0841,0.0,14.203423879814832,18.25,0.7782698016336894
300684,中石科技,2017-12-26,0.5659,60.0,25.52989915741552,32.88,0.7764567870260194
2056,横店东磁,2017-10-20,0.54,10.0,8.56057297580575,11.03,0.7761172235544651
2310,东方园林,2017-10-21,0.51,50.0,15.034064110402653,19.4,0.7749517582681781
2060,粤水电,2017-10-20,0.224,0.0,2.9347541269979907,3.8,0.7723037176310502
2801,微光股份,2017-10-27,1.94,5.0,28.022316359507382,36.3,0.7719646380029582
2212,南洋股份,2017-10-30,0.14,419.0,15.16381328920453,19.76,0.7673994579556948
2027,分众传媒,2017-10-28,0.52,23.0,10.307118525635428,13.55,0.7606729539214337
2448,中原内配,2017-10-24,0.3648,20.0,6.882417678399861,9.06,0.7596487503752606
600798,宁波海运,2017-10-28,0.0857,60.0,3.8662526202341585,5.09,0.7595781179241962
600053,九鼎投资,2017-10-30,1.4484,0.0,18.976329810463795,25.03,0.7581434203141748
2574,明牌珠宝,2017-10-24,0.08,117.0,5.662219148115631,7.61,0.7440498223542222
2003,伟星股份,2017-10-27,0.7,0.0,9.17110664686872,12.37,0.7413990822044236
2431,棕榈股份,2017-10-31,0.09,120.0,6.407847008919804,8.67,0.7390826999907502
2169,智光电气,2017-10-30,0.3319,-10.0,3.913573237837365,5.31,0.7370194421539294
2223,鱼跃医疗,2017-10-21,0.8,20.0,15.093021224561099,20.5,0.7362449377834682
300718,长盛轴承,2017-11-03,1.08,43.0,28.93473665822342,39.41,0.7341978345146771
2518,科士达,2017-10-23,0.67,20.0,12.64040527556992,17.22,0.7340537326114936
2530,金财互联,2017-10-25,0.16,383.0,17.089246533007476,23.3,0.7334440572106212
2807,江阴银行,2017-10-30,0.4779,-5.0,5.948183247445192,8.13,0.7316338557743163
2365,永安药业,2017-10-25,0.3331,160.0,25.58400423030291,35.1,0.7288890094103393
2126,银轮股份,2017-10-27,0.36,20.0,6.791859551052493,9.41,0.721770409251062
2551,尚荣医疗,2017-10-31,0.26,40.0,6.676565638920429,9.35,0.7140711913283881
2433,太安堂,2017-10-25,0.32,20.0,6.037208489824439,8.48,0.7119349634226932
2460,赣锋锂业,2017-10-25,0.6155,185.0,49.431081748384734,69.8,0.7081816869396094
601949,中国出版,2017-08-18,0.4,0.0,5.240632369639269,7.42,0.7062846859352114
300208,恒顺众N,2017-10-28,0.33,40.0,8.4741025417067,12.01,0.7055872224568442
2130,沃尔核材,2017-10-31,0.1854,30.0,4.105065944623985,5.86,0.7005231987412943
2555,三七互娱,2017-10-31,0.513,44.0,13.936895798759718,19.92,0.6996433633915521
2645,华宏科技,2017-10-20,0.3009,74.0,14.500900496947706,20.74,0.6991755302289154
2632,道明光学,2017-10-25,0.08,130.0,5.808013540638995,8.31,0.6989185969481341
2035,华帝股份,2017-10-21,0.91,40.0,23.367979736221503,33.44,0.6988032217769589
2089,新海宜,2017-10-28,0.04,230.0,3.9578796472193716,5.67,0.6980387384866616
603727,博迈科,2017-10-27,1.29,0.0,16.901039392086645,24.34,0.6943730235039707
2182,云海金属,2017-10-27,0.5385,-11.0,6.27912918158791,9.08,0.6915340508356729
2705,新宝股份,2017-10-27,0.7501,-10.0,8.844746266049436,12.86,0.687771871387981
300732,设研院,2017-11-28,2.4,35.0,57.30631496200542,83.55,0.6858924591502744
2479,富春环保,2017-10-23,0.31,30.0,6.863918246135034,10.01,0.6857061184950084
2867,周大生,2017-10-27,1.06,20.0,19.998253122543453,29.17,0.6855760412253498
2791,坚朗五金,2017-10-21,1.25,-20.0,13.101580924098176,19.15,0.684155661832803
2519,银河电子,2017-10-20,0.52,-40.0,4.087693248318631,5.98,0.6835607438659917
2466,天齐锂业,2017-10-27,1.54,36.0,37.318333478906446,54.6,0.6834859611521327
600035,楚天高速,2017-10-31,0.27,0.0,3.5374268495065073,5.19,0.6815851347796738
2099,海翔药业,2017-10-26,0.15,42.0,3.9627041663027334,5.84,0.6785452339559475
2516,旷达科技,2017-10-30,0.2304,10.0,3.652511136343786,5.39,0.6776458508986617
2478,常宝股份,2017-10-30,0.27,0.0,3.5374268495065073,5.26,0.6725146101723398
601019,山东出版,2017-10-30,0.58,5.0,8.377805921914577,12.46,0.6723760772002068
2472,双环传动,2017-10-25,0.28,30.0,6.199668093283257,9.25,0.6702343884630547
2074,国轩高科,2017-10-27,1.19,-2.0,15.27906367368329,22.8,0.6701343716527758
2511,中顺洁柔,2017-10-31,0.54,20.0,10.187789326578741,15.22,0.6693685497095099
2905,金逸影视,2017-10-28,1.55,7.0,23.25,34.96,0.665045766590389
2905,金逸影视,2017-09-20,1.55,7.0,23.25,34.96,0.665045766590389
166,申万宏源,2017-10-28,0.27,0.0,3.5374268495065073,5.33,0.6636823357423091
2155,湖南黄金,2017-10-28,0.12,100.0,6.525104423108026,9.84,0.6631203682020351
2475,立讯精密,2017-10-21,0.6,40.0,15.407459166739452,23.29,0.6615482682155196
2587,奥拓电子,2017-10-24,0.23,27.0,4.860254170669927,7.36,0.6603606210149358
2818,富森美,2017-10-13,1.38,7.0,20.7,31.4,0.6592356687898089
600318,新力金融,2017-10-21,0.67,0.0,8.778059219145776,13.42,0.6541027734087762
2918,蒙娜丽莎,2017-11-29,1.97,20.0,37.166564765481695,56.84,0.6538804497797623
2586,围海股份,2017-10-31,0.13,70.0,6.148171138765921,9.45,0.6506001205043304
603085,天成自控,2017-10-26,0.34,85.0,17.250326932726512,26.52,0.6504648164678172
603856,东宏股份,2017-11-03,0.66,26.0,13.728046117564855,21.13,0.6496945630650665
600975,新五丰,2017-10-31,0.3,0.0,3.9304742772294516,6.05,0.649665169789992
2071,长城影视,2017-10-25,0.49,0.0,6.419774652808105,9.93,0.6465029861840992
2439,启明星辰,2017-10-25,0.31,68.0,14.523533601268575,22.51,0.6452036251118869
2218,拓日新能,2017-10-23,0.21,10.0,3.3291117128133467,5.22,0.6377608645236297
2172,澳洋科技,2017-10-26,0.38,-22.0,3.8833085859026992,6.1,0.6366079649020818
2191,劲嘉股份,2017-10-26,0.4371,0.0,5.726701021923311,9.02,0.6348892485502563
2396,星网锐捷,2017-10-25,0.5926,30.0,13.121154685998777,20.7,0.633872207053081
750,国海证券,2017-10-27,0.24,0.0,3.1443794217835617,4.97,0.6326719158518233
2270,华明装备,2017-10-25,0.47,-2.0,6.034588173639618,9.54,0.6325564123311969
2493,荣盛石化,2017-10-27,0.76,0.0,9.95720150231461,15.75,0.6322032699882293
2734,利民股份,2017-10-24,0.83,20.0,15.659009520482137,24.78,0.6319212881550499
2408,齐翔腾达,2017-10-21,0.28,45.0,7.712900690016596,12.23,0.6306541856105148
2349,精华制药,2017-10-30,0.3927,0.0,5.144990828893353,8.16,0.6305135819722246
2332,仙琚制药,2017-10-26,0.24,30.0,5.314001222814219,8.44,0.62962099796377
603605,珀莱雅,2017-11-14,1.02,16.0,17.98207703729583,28.64,0.6278658183413348
2454,松芝股份,2017-10-25,0.58,0.0,7.5989169359769395,12.14,0.6259404395368154
2340,格林美,2017-10-26,0.09,80.0,4.460964832280007,7.15,0.6239111653538472
2602,世纪华通,2017-10-30,0.49,58.0,21.897770719866546,35.1,0.6238681116771095
2043,兔宝宝,2017-10-25,0.32,35.0,7.640841994934057,12.26,0.6232334416748823
2327,富安娜,2017-10-27,0.52,-10.0,6.131539872477945,9.85,0.6224913576119742
600310,桂东电力,2017-10-27,0.253,0.0,3.314699973796838,5.33,0.6218949294177932
2404,嘉欣丝绸,2017-10-26,0.19,30.0,4.206917634727923,6.77,0.6214058544649813
603661,恒林股份,2017-10-31,3.52,-9.0,41.96698401607127,67.64,0.6204462450631472
2617,露笑科技,2017-10-25,0.09,409.0,9.711339153621198,15.71,0.6181628996576192
600025,华能水电,2017-11-06,0.03,235.0,2.977858434607169,4.82,0.6178129532380018
300569,天能重工,2017-10-27,2.6674,-60.0,13.97886278277579,22.65,0.6171683347803881
2831,裕同科技,2017-10-24,2.43,8.0,37.13449209537952,60.27,0.6161355914282316
2450,康得新,2017-10-25,0.6,30.0,13.28500305703555,21.6,0.6150464378257199
2833,弘亚数控,2017-10-31,1.55,41.0,40.37324220455935,65.71,0.6144154954277788
2343,慈文传媒,2017-10-25,0.92,30.0,20.37033802078784,33.34,0.6109879430350281
2109,兴化股份,2017-10-20,0.04,398.0,4.297837691168612,7.04,0.6104883084046323
426,兴业矿业,2017-10-31,0.0568,525.0,6.379090327081722,10.45,0.6104392657494472
2541,鸿路钢构,2017-10-30,0.49,15.0,8.490151978338718,13.95,0.608613045042202
2756,永兴特钢,2017-12-22,0.7,30.0,15.499170233208138,25.5,0.6078105973807113
2262,恩华药业,2017-10-20,0.4911,20.0,9.265228404227443,15.29,0.6059665404988518
2716,金贵银业,2017-10-26,0.29,60.0,13.083001865436474,21.6,0.6056945308072441
300411,金盾股份,2017-10-30,0.27,180.0,21.494569064142592,35.5,0.605480818708242
2014,永新股份,2017-10-20,0.6,-10.0,7.074853699013014,11.69,0.6052056201037651
2443,金洲管道,2017-10-20,0.12,70.0,5.675234897322388,9.38,0.6050357033392737
2830,名雕股份,2017-10-19,1.01,0.0,13.232596733339156,21.97,0.6023029919589966
300316,晶盛机电,2017-10-27,0.23,80.0,11.40024346027113,18.98,0.600645071668658
2508,老板电器,2017-10-26,1.67,20.0,31.50668180627129,52.5,0.6001272725004055
2143,印纪传媒,2017-10-30,0.6608,0.0,8.657524674644074,14.46,0.5987223149823011
2482,广田集团,2017-10-20,0.26,20.0,4.905231897982357,8.2,0.5981990119490679
603283,赛腾股份,2017-12-05,0.4,87.0,20.484157718185774,34.29,0.5973799276227989
2124,天邦股份,2017-10-30,0.59,-32.0,5.256354266748187,8.8,0.5973129848577485
600027,华电国际,2017-10-28,0.339,-50.0,2.2207179666346404,3.72,0.5969671953318926
300287,飞利信,2017-12-27,0.25,17.0,4.483688531749497,7.53,0.595443364110159
300221,银禧科技,2017-11-29,0.38,43.0,10.180740676041575,17.12,0.5946694320117742
2285,世联行,2017-10-31,0.37,20.0,6.980522316359508,11.75,0.5940870056476177
2081,金螳螂,2017-10-28,0.64,5.0,9.244475500043672,15.59,0.5929746953203126
2872,天圣制药,2017-10-23,1.41,2.0,19.219547558738753,32.42,0.592829967882133
2258,利尔化学,2017-10-26,0.4,40.0,10.271639444492969,17.36,0.5916842997979821
2374,丽鹏股份,2017-10-28,0.2,9.0,3.1131976591842085,5.27,0.5907395937730946
2427,尤夫股份,2017-10-31,0.42,60.0,18.947795805114893,32.2,0.5884408635128848
2317,众生药业,2017-10-25,0.55,0.0,7.205869508253996,12.31,0.5853671412066609
2116,中国海诚,2017-10-20,0.33,20.0,6.225871255131453,10.65,0.5845888502470847
2020,京新药业,2017-10-23,0.332,20.0,6.263603808192856,10.72,0.5842914000179902
2234,民和股份,2017-10-30,0.51,0.0,6.6818062712900685,11.5,0.581026632286093
2187,广百股份,2017-10-28,0.46,0.0,6.0267272250851605,10.42,0.5783807317740077
2554,惠博普,2017-10-24,0.13,30.0,2.8784173290243693,4.98,0.5779954475952548
300146,汤臣倍健,2017-12-29,0.37,35.0,8.834723556642503,15.31,0.5770557515769107
601901,方正证券,2017-10-31,0.31,0.0,4.0614900864704335,7.04,0.5769162054645502
600293,三峡新材,2017-10-17,0.3677,0.0,4.817451305790899,8.36,0.5762501561950837
2573,清新环境,2017-10-30,0.6984,15.0,12.10106559524849,21.02,0.5756929398310414
2884,凌霄泵业,2017-10-20,2.58,-13.0,29.407808542230764,51.18,0.5745957120404604
2595,豪迈科技,2017-10-24,0.9,-10.0,10.612280548519522,18.47,0.5745685191402016
2384,东山精密,2017-10-25,0.17,336.0,17.797331447715976,31.11,0.5720775135877845
2226,江南化工,2017-10-24,0.0747,70.0,3.532833723583187,6.18,0.5716559423273765
2281,光迅科技,2017-10-21,1.36,0.0,17.818150056773515,31.17,0.5716442109969045
300708,聚灿光电,2017-10-13,0.314,85.0,15.931184284929781,27.87,0.5716248397893714
2271,东方雨虹,2017-10-20,1.22,20.0,23.01685736745567,40.3,0.5711378999368654
300123,太阳鸟,2017-10-28,0.06,538.0,6.765701826552102,11.85,0.5709453018187428
2531,天顺风能,2017-10-30,0.27,10.0,4.280286487902875,7.5,0.5707048650537166
603660,苏州科达,2017-10-27,0.8555,30.0,18.94220019215652,33.21,0.5703763984389196
2563,森马服饰,2017-10-31,0.53,-30.0,4.860686522840423,8.53,0.5698342934162278
2712,思美传媒,2017-10-27,0.51,40.0,13.096340291728534,23.0,0.569406099640371
2624,完美世界,2017-10-28,0.96,20.0,18.111625469473314,31.84,0.5688324582121016
2626,金达威,2017-10-27,0.51,35.0,12.177591929426153,21.5,0.5663996246244722
2120,韵达股份,2017-10-26,1.32,20.0,24.90348502052581,44.12,0.5644488898577926
600628,新世界,2017-10-31,0.45,0.0,5.895711415844178,10.45,0.5641829106070985
2509,天广中茂,2017-10-26,0.27,20.0,5.093894663289371,9.03,0.5641079361339282
2314,南山控股,2017-10-26,0.28,-1.0,3.631758232160014,6.44,0.5639376136894432
2133,广宇集团,2017-10-27,0.2,5.0,2.8888985937636478,5.13,0.5631381274393076
2032,苏泊尔,2017-10-19,1.712,0.0,22.429906542056074,39.97,0.5611685399563692
545,金浦钛业,2017-10-31,0.12,35.0,2.8653157481002713,5.11,0.5607271522701118
2637,赞宇科技,2017-10-23,0.42,5.0,6.06668704690366,10.82,0.5606919636694695
2681,奋达科技,2017-10-25,0.31,20.0,5.848545724517425,10.47,0.5586003557323233
2315,焦点科技,2017-10-21,0.9451,0.0,12.382304131365183,22.19,0.5580128044779262
600366,宁波韵升,2017-10-30,1.481,-50.0,9.701720674294698,17.45,0.5559725314782062
603278,大业股份,2017-10-23,0.92,6.0,13.543261420211374,24.38,0.5555070311817627
2748,世龙实业,2017-10-24,0.4362,20.0,8.229469822691938,14.82,0.555294859830765
2293,罗莱生活,2017-10-25,0.4521,15.0,7.833464713075376,14.12,0.5547779541838085
2391,长青股份,2017-10-20,0.45,20.0,8.489824438815617,15.38,0.552004189779949
830,鲁西化工,2017-10-25,0.09,494.0,10.007730942477103,18.13,0.5519983972684558
603568,伟明环保,2017-10-28,0.48,40.0,12.325967333391562,22.33,0.5519913718491519
2029,七匹狼,2017-10-25,0.35,0.0,4.58555332343436,8.31,0.5518114709307292
603685,晨丰科技,2017-11-06,1.23,12.0,20.214586426762164,36.64,0.5517081448352119
2372,伟星新材,2017-10-27,0.88,0.0,11.529391213206392,20.92,0.5511181268263093
2875,安奈儿,2017-10-25,1.05,5.0,15.16671761725915,27.53,0.5509160049858027
2105,信隆健康,2017-10-20,0.077,65.0,3.556773422757587,6.48,0.5488847874625905
603077,和邦生物,2017-10-31,0.09,0.0,1.1791422831688354,2.15,0.5484382712413188
2441,众业达,2017-10-30,0.27,25.0,5.527229452353918,10.08,0.5483362551938411
2176,江特电机,2017-10-21,0.14,60.0,6.315931935038298,11.53,0.5477824748515436
603809,豪能股份,2017-11-27,1.5784,0.0,20.679535330596554,38.0,0.5441982981735936
2680,长生生物,2017-10-26,0.4383,18.0,7.995749672460477,14.72,0.5431895157921519
2174,游族网络,2017-10-31,0.68,20.0,12.829068040876933,23.67,0.541996959901856
2403,爱仕达,2017-10-28,0.41,10.0,6.499694296445106,12.0,0.5416411913704254
2612,朗姿股份,2017-10-26,0.41,10.0,6.499694296445106,12.01,0.5411901995374776
2561,徐家汇,2017-10-25,0.581,-15.0,6.470215739365883,12.0,0.5391846449471569
2502,骅威文化,2017-10-27,0.35,0.0,4.58555332343436,8.51,0.5388429287231916
2329,皇氏集团,2017-10-27,0.3469,-20.0,3.635950738055725,6.75,0.5386593686008482
2275,桂林三金,2017-10-26,0.67,0.0,8.778059219145776,16.34,0.5372129265083094
2242,九阳股份,2017-10-28,0.91,-20.0,9.537950912743472,17.81,0.5355390742697065
603890,春秋电子,2017-11-21,1.54,2.0,20.99156258188488,39.2,0.5354990454562469
2341,新纶科技,2017-10-25,0.1343,239.0,13.364157549956927,25.0,0.534566301998277
2771,真视通,2017-10-25,0.86,-10.0,10.140623635251988,19.04,0.5325957791623943
2157,正邦科技,2017-10-30,0.52,-52.0,3.2701545986549045,6.16,0.5308692530283936
2701,奥瑞金,2017-10-27,0.49,-50.0,3.2098873264040524,6.06,0.5296843772943981
2447,壹桥股份,2017-10-30,0.31,0.0,4.0614900864704335,7.7,0.5274662449961602
2290,中科新材,2017-10-27,0.13,90.0,6.750653960804839,12.87,0.5245263372808733
2742,三圣股份,2017-10-26,0.55,28.0,11.806096602323349,22.51,0.5244823013026809
2614,奥佳华,2017-10-27,0.46,31.0,10.342466590968645,19.86,0.5207687105220868
2795,永和智控,2017-10-28,0.74,-15.0,8.240894401257751,15.83,0.5205871384243683
2868,绿康生化,2017-10-27,1.03,-7.0,12.550004367193642,24.18,0.5190241673777354
2045,国光电器,2017-10-25,0.14,110.0,9.77150033163226,18.83,0.5189325720463229
2670,国盛金控,2017-10-17,0.7915,0.0,10.369901301423704,20.03,0.5177184873401749
627,天茂集团,2017-12-26,0.44,-26.0,4.2658747488863655,8.25,0.5170757271377413
2839,张家港行,2017-10-27,0.42,5.0,6.06668704690366,11.77,0.5154364525831486
2438,江苏神通,2017-10-24,0.24,10.0,3.804699100358111,7.4,0.5141485270754204
2768,国恩股份,2017-10-12,0.55,40.0,14.123504236177832,27.48,0.5139557582306343
2419,天虹股份,2017-10-19,0.65,0.0,8.516027600663813,16.57,0.5139425226713225
2829,星网宇达,2017-10-25,1.29,-20.0,13.520831513669318,26.31,0.5139046565438737
2484,江海股份,2017-10-27,0.2643,20.0,4.986356887064372,9.72,0.5129996797391329
2367,康力电梯,2017-10-24,0.5592,-40.0,4.39584243165342,8.57,0.5129337726550082
2100,天康生物,2017-10-24,0.41,-20.0,4.297318543104201,8.39,0.5121952971518714
300616,尚品宅配,2017-09-05,3.15,40.0,80.88916062538212,158.0,0.5119567128188741
2303,美盈森,2017-10-24,0.1542,30.0,3.414245785658136,6.67,0.5118809273850279
2543,万和电气,2017-10-26,0.9799,-15.0,10.912503275395231,21.38,0.5104070755563719
2714,牧原股份,2017-10-18,2.25,1.0,30.071076076513236,58.96,0.5100250352190169
2827,高争民爆,2017-10-20,0.8,-8.0,9.642763560136256,19.03,0.5067137971695352
2111,威海广泰,2017-10-31,0.46,10.0,7.2923399423530455,14.44,0.5050096912986873
2887,绿茵生态,2017-10-25,2.87,0.0,37.60153725216176,74.69,0.5034346934283273
2062,宏润建设,2017-10-26,0.21,0.0,2.7513319940606165,5.49,0.5011533686813509
2513,蓝丰生化,2017-10-23,0.32,10.0,5.072932133810814,10.17,0.4988133858221056
2882,金龙羽,2017-10-26,0.342,24.0,6.889586863481527,13.82,0.4985229278930193
2415,海康威视,2017-10-31,1.227,15.0,21.260033627391035,42.82,0.496497749355232
2267,陕天然气,2017-10-24,0.4573,-30.0,4.193947069613067,8.45,0.49632509699562927
601198,东兴证券,2017-10-28,0.527,0.0,6.9045331469997375,13.93,0.4956592352476481
2497,雅化集团,2017-10-26,0.14,60.0,6.315931935038298,12.75,0.49536721059123906
2444,巨星科技,2017-10-25,0.58,-10.0,6.839025242379247,13.84,0.4941492227152635
2236,大华股份,2017-10-30,0.63,20.0,11.885754214341864,24.2,0.49114686836123406
600808,马钢股份,2017-10-27,0.1596,0.0,2.0910123154860685,4.26,0.4908479613817062
600578,京能电力,2017-10-28,0.28,-50.0,1.8342213293737446,3.75,0.48912568783299853
2521,齐峰新材,2017-10-25,0.29,10.0,4.59734474626605,9.43,0.48752330289141577
603917,合力科技,2017-11-14,0.9329,6.0,13.733161498820857,28.22,0.4866464032183153
2375,亚厦股份,2017-10-28,0.24,10.0,3.804699100358111,7.82,0.4865344118105001
603076,乐惠国际,2017-11-10,1.37,0.0,17.949165866014496,37.04,0.4845887112854886
2790,瑞尔特,2017-10-31,1.17,-15.0,13.029522229015633,26.91,0.48418886023841073
2889,东方嘉盛,2017-10-27,0.87,10.0,13.792034238798152,28.61,0.4820704033134622
2311,海大集团,2017-10-31,0.55,22.0,10.72521617608525,22.26,0.48181564133356913
300347,泰格医药,2017-12-25,0.3,100.0,16.312761057770064,34.0,0.47978708993441366
2726,龙大肉食,2017-10-26,0.53,-20.0,5.555070311817627,11.59,0.47929856012231464
2832,比音勒芬,2017-10-24,1.66,13.0,27.770818412088385,58.1,0.47798310519945586
2815,崇达技术,2017-10-24,1.0087,5.0,14.570160057646955,30.5,0.47771016582449033
2376,新北洋,2017-10-26,0.37,10.0,5.8655777797187545,12.3,0.47687624225355724
2566,益盛药业,2017-10-25,0.0399,350.0,4.203122753340146,8.82,0.47654452985715945
2222,福晶科技,2017-10-28,0.1645,90.0,8.542173665787661,17.96,0.4756221417476426
2001,新和成,2017-10-26,1.1,20.0,20.752904183771513,43.77,0.4741353480413871
2840,华统股份,2017-10-24,0.688,25.0,14.084199493405535,29.8,0.4726241440740112
2900,哈三联,2017-10-26,1.11,0.0,14.542754825748974,30.79,0.47232071535397774
2772,众兴菌业,2017-10-21,0.4902,-20.0,5.137915975194341,10.88,0.47223492419065627
2557,洽洽食品,2017-10-30,0.7,-20.0,7.336885317494978,15.55,0.4718254223469439
600351,亚宝药业,2017-12-26,0.0286,788.0,3.444845516879508,7.31,0.4712510967003431
2871,伟隆股份,2017-10-24,1.03,10.0,16.32850030570356,34.66,0.4711050290162597
2641,永高股份,2017-10-27,0.25,-35.0,2.1290069001659537,4.52,0.4710192257004323
603378,亚士创能,2017-09-11,0.84,0.0,11.005327976242466,23.44,0.46951057919123146
2491,通鼎互联,2017-10-30,0.4532,0.0,5.937636474801292,12.65,0.46937837745464756
2824,和胜股份,2017-10-21,0.83,-20.0,8.699449733601188,18.56,0.4687203520259261
2047,宝鹰股份,2017-10-28,0.27,0.0,3.5374268495065073,7.56,0.4679136044320777
2540,亚太科技,2017-10-25,0.2854,-5.0,3.552231635950738,7.6,0.4673988994672024
600289,ST信通,2017-10-31,0.223,0.0,2.9216525460738927,6.26,0.4667176591172353
2828,贝肯能源,2017-10-26,0.71,10.0,11.255568171892744,24.16,0.46587616605516324
2745,木林森,2017-10-27,0.96,32.0,21.915066818062712,47.29,0.46341862588417665
300233,金城医药,2017-10-27,0.63,0.0,8.253995982181848,17.86,0.46214983102921886
2090,金智科技,2017-10-27,0.468,30.0,10.362302384487728,22.44,0.4617781811269041
300432,富临精工,2017-10-26,0.6356,0.0,8.3273648353568,18.05,0.46134985237433795
2777,久远银海,2017-10-30,0.97,10.0,15.37732553061403,33.44,0.4598482515135775
2135,东南网架,2017-10-28,0.06,100.0,3.262552211554013,7.11,0.4588681028908597
600079,人福医药,2017-10-31,0.63,0.0,8.253995982181848,18.0,0.45855533234343604
600079,人福医药,2017-08-30,0.63,0.0,8.253995982181848,18.0,0.45855533234343604
2581,未名医药,2017-10-28,0.6331,2.0,8.629713162721634,18.85,0.45780971685525906
2578,闽发铝业,2017-10-31,0.04,90.0,2.077124295632258,4.54,0.45751636467670886
603507,振江股份,2017-10-17,1.535,-5.0,19.105380382566164,41.79,0.45717588855147556
2446,盛路通信,2017-10-24,0.36,-0.0,4.716569132675342,10.32,0.457031892701099
2749,国光股份,2017-10-31,1.8566,10.0,29.43251812385362,64.4,0.45702667894182636
603737,三棵树,2017-10-14,1.49,30.0,32.991090924971616,72.35,0.45599296371764503
2386,天原集团,2017-10-26,0.0821,81.0,4.088457051062122,8.98,0.45528474956148346
2055,得润电子,2017-10-28,0.0858,370.0,9.115469697884679,20.04,0.45486375737947504
2273,水晶光电,2017-10-24,0.39,40.0,10.014848458380644,22.03,0.4546004747335744
2913,奥士康,2017-11-13,1.76,-10.0,20.75290418377151,45.69,0.45421107865553756
2515,金字火腿,2017-10-26,0.03,925.0,3.7219302240079433,8.21,0.45334107478781277
300458,全志科技,2017-10-27,0.92,0.0,12.053454450170321,26.59,0.45330780181159536
603027,千禾味业,2017-10-26,0.6673,0.0,8.74268495065071,19.29,0.4532236884733391
2050,三花智控,2017-10-20,0.48,20.0,9.055812734736657,20.1,0.4505379470018237
2917,金奥博,2017-11-21,0.99,1.0,13.231273473665823,29.37,0.45050301238222074
2123,梦网集团,2017-10-24,0.3,9.0,4.669796488776312,10.37,0.45031788705653925
603330,上海天洋,2017-10-27,1.19,0.0,15.590881299676823,34.8,0.4480138304504835
2304,洋河股份,2017-10-28,3.87,10.0,61.35077299327453,136.98,0.44788124538819196
2690,美亚光电,2017-10-26,0.4576,15.0,7.928762337322035,17.72,0.4474470844989862
2238,天威视讯,2017-10-26,0.49,-30.0,4.4938422569656735,10.05,0.4471484832801665
2836,新宏泽,2017-10-31,0.84,-20.0,8.804262380993976,19.71,0.4466901258748846
2127,南极电商,2017-10-26,0.2,43.0,5.35828456633767,12.02,0.4457807459515533
2533,金杯电工,2017-10-27,0.309,-25.0,3.036291379159752,6.83,0.4445521785006957
2671,龙泉股份,2017-10-18,0.07,60.0,3.157965967519149,7.11,0.4441583639267439
2464,众应互联,2017-10-26,1.27,-16.0,13.976766529827932,31.49,0.4438477780193056
603848,好太太,2017-11-13,0.42,30.0,9.299502139924885,21.06,0.4415718015159015
300719,安达维尔,2017-11-08,0.7324,8.0,11.192305354179407,25.38,0.4409891786516709
2685,华东重机,2017-10-25,0.0445,350.0,4.687693296331742,10.63,0.4409871398242466
2462,嘉事堂,2017-10-23,0.8937,0.0,11.708882871866539,26.59,0.4403491113902422
300723,一品红,2017-11-15,1.14,9.0,17.745226657349985,40.33,0.4400006609806592
2724,海洋王,2017-10-23,0.2781,7.0,4.1715,9.5,0.4391052631578947
2805,丰元股份,2017-10-24,0.27,67.0,12.590033066581878,28.69,0.43883001277733974
2861,瀛通通讯,2017-10-20,1.13,-21.0,11.69578129094244,26.7,0.43804424310645845
2228,合兴包装,2017-10-27,0.1,20.0,1.8866276530701374,4.32,0.43671936413660584
600119,长江投资,2017-10-28,0.46,0.0,6.0267272250851605,13.8,0.4367193641366058
2093,国脉科技,2017-10-20,0.0894,80.0,4.431225066731473,10.16,0.43614419948144423
2164,宁波东力,2017-10-28,0.03,1110.0,3.854949082290557,8.84,0.43608021292879606
600633,浙数文化,2017-10-28,0.5147,0.0,6.743383701633331,15.47,0.4359006917668604
2756,永兴特钢,2017-10-24,0.7,10.0,11.097039042711156,25.5,0.4351780016749473
2677,浙江美大,2017-10-27,0.32,35.0,7.640841994934057,17.63,0.43339999971265214
2588,史丹利,2017-10-25,0.44,-50.0,2.882347803301598,6.66,0.43278495545069035
2688,金河生物,2017-10-20,0.26,-20.0,2.725128832212421,6.31,0.43187461683239636
2878,元隆雅图,2017-10-27,0.89,15.0,15.420888287186651,35.75,0.43135351852270354
600647,同达创业,2017-10-27,0.5793,0.0,7.589745829330072,17.62,0.43074607430931167
2820,桂发祥,2017-10-28,0.93,-10.0,10.966023233470173,25.5,0.4300401268027519
2085,万丰奥威,2017-10-24,0.53,0.0,6.943837889772032,16.18,0.42916179788455083
2809,红墙股份,2017-10-30,0.99,0.0,12.970565114857191,30.23,0.42906268987288093
601218,吉鑫科技,2017-10-30,0.1184,0.0,1.5512271814132237,3.62,0.42851579597050377
2183,怡亚通,2017-10-28,0.25,0.0,3.2753952310245436,7.65,0.4281562393496135
603500,祥和实业,2017-08-15,0.78,5.0,11.266704515678226,26.32,0.42806628099081406
600589,广东榕泰,2017-10-26,0.14,20.0,2.6412787142981924,6.18,0.4273913777181541
2803,吉宏股份,2017-10-23,0.43,55.0,18.945786125726798,44.4,0.42670689472357654
2860,星帅尔,2017-10-28,1.21,5.0,17.477836492270068,40.98,0.4264967421246967
603916,苏博特,2017-11-09,0.58,0.0,7.5989169359769395,17.82,0.42642631515022106
603466,风语筑,2017-09-25,1.04,30.0,23.027338632194954,54.01,0.42635324258831614
2788,鹭燕医药,2017-10-24,0.95,0.0,12.446501877893263,29.23,0.4258125856275492
2673,西部证券,2017-10-30,0.4023,0.0,5.2707660057646954,12.38,0.42574846573220476
2718,友邦吊顶,2017-10-30,1.48,0.0,19.390339767665296,45.58,0.4254133340865576
2789,建艺集团,2017-10-27,1.08,10.0,17.1211459516115,40.31,0.4247369375244728
2873,新天药业,2017-10-24,1.1047,15.0,19.14096100096078,45.11,0.4243174684318506
603289,泰瑞机器,2017-10-30,0.48,12.0,7.8886190933706,18.63,0.42343634424962967
600865,百大集团,2017-10-28,0.25,0.0,3.2753952310245436,7.74,0.4231776784269436
2463,沪电股份,2017-10-27,0.078,45.0,2.1485937636474803,5.08,0.42295152827706306
2727,一心堂,2017-10-30,0.6788,0.0,8.89335313127784,21.04,0.42268788646757793
2144,宏达高科,2017-10-23,0.57,-20.0,5.974320901388768,14.15,0.42221349126422386
2026,山东威达,2017-10-24,0.26,0.0,3.4064110402655254,8.09,0.4210644054716348
2179,中航光电,2017-10-27,1.22,0.0,15.98392872739977,38.0,0.4206297033526255
600251,冠农股份,2017-10-20,0.0337,270.0,3.414494308961024,8.13,0.4199869998722046
2086,东方海洋,2017-10-20,0.1114,70.0,5.26850972968095,12.55,0.41980157208613145
600067,冠城大通,2017-10-28,0.22,0.0,2.882347803301598,6.88,0.41894590164267415
2173,创新医疗,2017-10-31,0.26,26.0,5.408018167525547,12.93,0.418253531904528
603110,东方材料,2017-09-18,0.79,5.0,11.411149445366407,27.38,0.41676951955319236
2388,新亚制程,2017-10-24,0.03,515.0,3.3586239809087743,8.11,0.4141336597914642
2324,普利特,2017-10-31,1.03,-28.0,9.716132413311206,23.5,0.41345244311962576
2920,德赛西威,2017-12-05,1.31,0.0,17.163071010568608,41.71,0.4114857590642198
2442,龙星化工,2017-10-25,0.0642,176.0,5.074930866362794,12.35,0.410925576223708
2220,天宝食品,2017-10-21,0.34,-30.0,3.1181762599353657,7.6,0.4102863499914955
300701,森霸股份,2017-12-19,0.78,25.0,15.967551751244649,38.92,0.4102659751090609
300731,科创新源,2017-11-20,0.83,15.0,14.381277840859461,35.08,0.4099566089184567
603996,中新科技,2017-12-21,0.39,20.0,7.357847846973535,17.95,0.4099079580486649
2535,林州重机,2017-10-30,0.02,205.0,1.945448103609966,4.75,0.4095680218126244
2036,联创电子,2017-10-24,0.36,18.0,6.567350860337147,16.12,0.40740389952463685
2737,葵花药业,2017-10-26,1.04,0.0,13.625644161062102,33.46,0.40722188168147344
2057,中钢天源,2017-10-27,0.1724,50.0,5.082103240457682,12.51,0.40624326462491467
2150,通润装备,2017-10-20,0.39,-30.0,3.5767315922788017,8.81,0.40598542477625443
2850,科达利,2017-10-28,2.22,-15.0,24.722683203773258,60.92,0.40582211431013226
2243,通产丽星,2017-10-25,0.07200000000000001,59.0,3.2328775428699674,7.97,0.4056308083902092
601225,陕西煤业,2017-10-28,0.28,0.0,3.668442658747489,9.05,0.40535277997209823
300729,乐歌股份,2017-11-13,0.95,1.0,12.69667656563892,31.33,0.40525619424318293
2916,深南电路,2017-11-21,1.31,49.0,38.103733950563374,94.04,0.40518645204767517
2880,卫光生物,2017-10-20,1.89,-8.0,22.781028910821902,56.49,0.40327542770086566
300218,安利股份,2017-10-28,0.269,0.0,3.524325268582409,8.75,0.40278003069513246
2802,洪汇新材,2017-10-24,0.56,25.0,11.463883308585903,28.54,0.4016777613379784
2351,漫步者,2017-10-25,0.15,30.0,3.3212507642588873,8.3,0.4001506944890225
2757,南兴装备,2017-10-20,0.6073,35.0,14.500885448510788,36.25,0.40002442616581485
2224,三力士,2017-10-30,0.34,-20.0,3.563630011354704,8.91,0.39995847489951786
2294,信立泰,2017-10-24,1.33,0.0,17.42510262905057,43.6,0.39965831718005895
2747,埃斯顿,2017-10-25,0.27,10.0,4.280286487902875,10.71,0.3996532668443393
2897,意华股份,2017-10-27,1.24,-9.0,14.783823914752379,37.09,0.39859325734031753
2040,南京港,2017-10-26,0.3364,10.0,5.332919905668618,13.38,0.3985739839812121
2455,百川股份,2017-10-27,0.17,30.0,3.7640841994934062,9.47,0.39747457228019073
603113,金能科技,2017-10-27,0.7,0.0,9.17110664686872,23.08,0.39736163981233624
2658,雪迪龙,2017-10-24,0.32,10.0,5.072932133810814,12.84,0.3950881724151724
998,隆平高科,2017-10-25,0.41,40.0,10.52843043060529,26.67,0.39476679529828607
2492,恒基达鑫,2017-10-28,0.1643,20.0,3.0997292339942355,7.86,0.39436758702216734
2296,辉煌科技,2017-10-30,0.2259,0.0,2.959647130753777,7.53,0.39304742772294515
603329,上海雅仕,2017-12-12,0.66,20.0,12.451742510262905,31.82,0.3913181178586708
2184,海得控制,2017-10-28,0.058,200.0,4.779968695467945,12.22,0.39115946771423443
2800,天顺股份,2017-10-21,0.53,30.0,11.735086033714735,30.1,0.3898699678974995
2018,华信国际,2017-10-21,0.16,14.0,2.7242903310332784,6.99,0.38974110601334455
600998,九州通,2017-10-26,0.54,0.0,7.074853699013015,18.29,0.3868154018049762
2013,中航机电,2017-10-20,0.37,-15.0,4.120447200628876,10.66,0.3865335085017707
2025,航天电器,2017-10-25,0.61,5.0,8.811140710979126,22.8,0.3864535399552248
2548,金新农,2017-10-24,0.42,-25.0,4.126997991090925,10.71,0.3853406154146522
300735,光弘科技,2017-12-11,0.61,16.0,10.753987247794564,27.92,0.38517146302989125
300713,英可瑞,2017-10-11,2.3,3.0,31.96877456546423,83.0,0.385165958620051
2320,海峡股份,2017-10-20,0.37,30.0,8.192418551838589,21.27,0.38516307248888526
300019,硅宝科技,2017-10-28,0.2764,0.0,3.621276967420735,9.42,0.3844243065202479
2499,科林环保,2017-10-24,0.1,159.0,7.666558981873511,19.96,0.3840961413764284
2838,道恩股份,2017-10-25,1.26,0.0,16.507991964363697,43.0,0.3839067898689232
300041,回天新材,2017-12-19,0.2421,10.0,3.8379902174862446,10.0,0.38379902174862446
2603,以岭药业,2017-10-28,0.48,0.0,6.288758843567123,16.4,0.38346090509555636
2022,科华生物,2017-10-28,0.4534,-10.0,5.3462311118875006,13.98,0.3824199650849428
300727,润禾材料,2017-11-24,0.51,29.0,11.119193816053803,29.12,0.38184044697986963
2672,东江环保,2017-10-30,0.62,-25.0,6.092235129705652,15.96,0.38171899308932655
2899,英派斯,2017-10-21,0.95,-9.0,11.326316708882871,29.9,0.3788065788924037
300633,开立医疗,2017-12-22,0.36,45.0,9.916586601449907,26.2,0.3784956718110652
2007,华兰生物,2017-10-20,0.8390000000000001,-5.0,10.442615075552451,28.0,0.3729505384125876
600491,龙元建设,2017-10-28,0.28,0.0,3.668442658747489,9.85,0.3724307267763949
300430,诚益通,2017-10-27,0.55,0.0,7.205869508253996,19.38,0.3718198920667697
300716,国立科技,2017-11-08,0.77,0.0,10.088217311555594,27.17,0.3712998642456972
2402,和而泰,2017-10-28,0.14,40.0,3.595073805572539,9.69,0.3710086486658967
300721,怡达股份,2017-10-24,1.0349,0.0,13.558826098349199,36.55,0.3709665143187196
300721,怡达股份,2017-11-14,1.0349,0.0,13.558826098349199,36.55,0.3709665143187196
2849,威星智能,2017-10-24,0.8,0.0,10.481264739278538,28.3,0.370362711635284
600074,ST保千里,2017-10-30,0.35,-50.0,2.29277666171718,6.23,0.36802193607017336
600302,标准股份,2017-10-31,0.1704,0.0,2.232509389466329,6.08,0.3671890443201199
603970,中农立华,2017-10-30,0.8172,0.0,10.706611931173029,29.21,0.3665392650179058
2360,同德化工,2017-10-24,0.2113,-10.0,2.4915276443357497,6.8,0.36640112416702203
2652,扬子新材,2017-10-20,0.25,-20.0,2.620316184819635,7.16,0.36596594760050766
300712,永福股份,2017-10-30,0.7,0.0,9.17110664686872,25.07,0.365819969958864
2600,江粉磁材,2017-10-30,0.22,2.0,2.998794654554983,8.2,0.3657066651896321
2865,钧达股份,2017-10-27,0.62,0.0,8.122980172940867,22.3,0.3642592005803079
603477,振静股份,2017-11-28,0.32,18.0,5.837645209188575,16.03,0.36417000681151435
2559,亚威股份,2017-10-26,0.3154,-20.0,3.3057908987684517,9.09,0.3636733662011498
2585,双星新材,2017-10-25,0.1854,0.0,2.4290331033278014,6.69,0.36308417090101663
2758,华通医药,2017-10-20,0.29,0.0,3.7994584679884698,10.49,0.3621981380351258
2368,太极股份,2017-10-25,0.7327,-10.0,8.63957550877806,23.89,0.36163982874751194
603456,九洲药业,2017-12-05,0.25,30.0,5.535417940431479,15.32,0.361319708905449
2483,润邦股份,2017-10-24,0.2,-25.0,1.9652371386147263,5.44,0.3612568269512364
600909,华安证券,2017-10-31,0.21,0.0,2.7513319940606165,7.63,0.36059397038802316
2776,柏堡龙,2017-10-28,0.55,0.0,7.205869508253996,20.02,0.359933541870829
2869,金溢科技,2017-10-25,1.38,-40.0,10.848109005153288,30.22,0.3589711781983219
2728,特一药业,2017-10-26,0.47,5.0,6.788911695344571,18.92,0.35882197121271514
2084,海鸥卫浴,2017-10-31,0.1862,0.0,2.4395143680670803,6.81,0.35822531102306615
300491,通合科技,2017-10-27,0.51,0.0,6.6818062712900685,18.68,0.3576984085273056
2885,京泉华,2017-10-20,1.0,-3.0,12.708533496375228,35.75,0.3554834544440623
2769,普路通,2017-10-26,0.51,-25.0,5.011354703467552,14.1,0.35541522719628027
2654,万润科技,2017-10-27,0.18,0.0,2.358284566337671,6.65,0.35462925809589035
2781,奇信股份,2017-10-27,0.48,15.0,8.31688357061752,23.51,0.3537594032589332
2713,东易日盛,2017-10-20,0.69,0.0,9.040090837627739,25.65,0.3524401886014713
2421,达实智能,2017-10-31,0.1453,5.0,2.0987848283692903,5.97,0.35155524763304696
600230,沧州大化,2017-10-27,1.2613,0.0,16.52502401956503,47.02,0.35144670394651273
2158,汉钟精机,2017-10-28,0.3138,5.0,4.532681893615163,12.9,0.351370689427532
636,风华高科,2017-10-26,0.16,43.0,4.286627653070137,12.29,0.34878988226770846
2117,东港股份,2017-10-24,0.6,0.0,7.860948554458903,22.55,0.34860082281414206
2797,第一创业,2017-10-28,0.27,0.0,3.5374268495065073,10.15,0.348514960542513
2906,华阳集团,2017-10-30,0.74,-8.0,8.919556293126037,25.6,0.3484201677002358
2390,信邦制药,2017-10-26,0.15,20.0,2.8299414796052056,8.16,0.34680655387318693
2129,中环股份,2017-10-23,0.152,36.0,3.6833679797362207,10.63,0.34650686545025594
2846,英联股份,2017-10-27,0.62,-25.0,6.092235129705652,17.63,0.3455606993593677
2732,燕塘乳业,2017-10-27,0.67,5.0,9.67781028910822,28.03,0.34526615373200925
2550,千红制药,2017-10-24,0.18,-20.0,1.8866276530701374,5.47,0.34490450695980573
2896,中大力德,2017-10-27,0.78,15.0,13.51493580225347,39.19,0.3448567441248653
2298,中电鑫龙,2017-10-26,0.2394,0.0,3.1365184732291027,9.1,0.3446723596955058
2328,新朋股份,2017-10-20,0.21,-15.0,2.3386321949515243,6.79,0.3444230036747458
2346,柘中股份,2017-10-28,0.05,1115.0,6.430611690884033,18.7,0.34388297812214086
2891,中宠股份,2017-10-27,0.9,0.0,11.791422831688356,34.3,0.34377326039907746
2424,贵州百灵,2017-10-25,0.34,10.0,5.38999039217399,15.7,0.3433114899473879
2255,海陆重工,2017-10-20,0.121,20.0,2.2828194602148657,6.66,0.3427656847169468
2397,梦洁股份,2017-10-28,0.14,10.0,2.2194078085422313,6.49,0.3419734681883253
2350,北京科锐,2017-10-28,0.3503,-25.0,3.4421128482836933,10.08,0.34147944923449336
600438,通威股份,2017-10-23,0.3218,0.0,4.216088741374792,12.36,0.3411075033474751
600159,大龙地产,2017-10-31,0.12,0.0,1.5721897108917808,4.61,0.34103898283986567
2687,乔治白,2017-10-26,0.18,0.0,2.358284566337671,6.92,0.3407925673898368
2356,赫美集团,2017-10-27,0.4485,32.0,10.238445279063676,30.07,0.34048703954318843
2661,克明面业,2017-10-18,0.413,-10.0,4.86985762948729,14.34,0.33959955575225176
2295,精艺股份,2017-10-24,0.0365,531.0,4.106914663502061,12.1,0.3394144350001703
2352,顺丰控股,2017-10-27,1.06,12.0,17.42070049786008,51.46,0.3385289642024889
2380,科远股份,2017-10-25,0.36,10.0,5.707048650537166,16.88,0.33809529920243875
603315,福鞍股份,2017-10-30,0.17,45.0,4.682832561795791,13.88,0.3373798675645382
2774,快意电梯,2017-10-25,0.3914,-32.0,3.487011966110577,10.34,0.3372351998172705
2553,南方轴承,2017-10-27,0.2077,5.0,3.000121189623548,8.91,0.3367139382293544
2808,苏州恒久,2017-10-30,0.41,-25.0,4.028736134160189,11.99,0.33600801786156703
2666,德联集团,2017-10-30,0.19,-20.0,1.9914403004629229,5.93,0.3358246712416396
2609,捷顺科技,2017-10-30,0.31,10.0,4.914403004629227,14.75,0.33317986472062555
603619,中曼石油,2017-11-16,1.09,1.0,14.567765743733078,43.78,0.3327493317435605
2166,莱茵生物,2017-10-25,0.16,30.0,3.5426674818761463,10.65,0.33264483397898087
2053,云南能投,2017-10-24,0.4838,-40.0,3.803126910647218,11.45,0.33215082189058676
300551,古鳌科技,2017-10-27,0.6548,0.0,8.578915189099485,25.83,0.3321298950483734
603912,佳力图,2017-10-12,0.54,18.0,9.851026290505722,29.72,0.3314611807034227
603711,香飘飘,2017-11-13,0.74,-3.0,9.40431478731767,28.58,0.3290523018655588
2675,东诚药业,2017-10-24,0.1968,20.0,3.71288322124203,11.3,0.3285737363931
2743,富煌钢构,2017-10-28,0.18,21.0,3.4527644335749845,10.52,0.3282095469177742
2274,华昌化工,2017-10-21,0.0482,79.0,2.377944148948945,7.25,0.32799229640675104
2890,弘宇股份,2017-10-23,0.76,5.0,10.977814656301861,33.49,0.3277938087877534
2361,神剑股份,2017-10-25,0.2,-30.0,1.8342213293737446,5.62,0.32637390202379796
2526,山东矿机,2017-10-24,0.02,367.0,2.1221631991276246,6.54,0.32448978579933097
600726,华电能源,2017-10-31,0.08,0.0,1.0481264739278537,3.26,0.32151118832142755
600258,首旅酒店,2017-10-31,0.7196,0.0,9.427897632981047,29.42,0.3204587910598588
600966,博汇纸业,2017-10-11,0.1506,0.0,1.9730980871691852,6.16,0.3203081310339586
2841,视源股份,2017-10-30,2.04,-15.0,22.718141322386238,71.05,0.3197486463390041
2301,齐心集团,2017-10-21,0.28,23.0,5.5499868984190766,17.37,0.31951565333443155
2863,今飞凯达,2017-10-31,0.44,-30.0,4.035286924622238,12.65,0.3189950138041294
2847,盐津铺子,2017-10-25,0.92,-24.0,9.160625382129444,28.73,0.31885225834073944
300200,高盟新材,2017-10-27,0.27,-12.0,3.1129356275657267,9.8,0.3176464926087476
600727,鲁北化工,2017-10-31,0.09,50.0,2.6530701371298804,8.36,0.3173528872164929
300639,凯普生物,2017-11-17,1.13,15.0,19.57933007249541,61.84,0.31661271139222846
2504,*ST弘高,2017-10-30,0.23,-48.0,1.5669490785221416,4.96,0.3159171529278511
2862,实丰文化,2017-10-28,0.67,0.0,8.778059219145776,27.82,0.31553052549050237
603933,睿能科技,2017-10-28,1.2133,0.0,15.896148135208314,50.49,0.3148375546684158
2876,三利谱,2017-10-30,1.21,10.0,19.18202463097214,60.94,0.3147690290609147
2583,海能达,2017-10-25,0.25,24.0,5.036247707223338,16.0,0.3147654817014586
300097,智云股份,2017-10-28,0.63,0.0,8.253995982181848,26.36,0.3131257959856544
2556,辉隆股份,2017-10-26,0.14300000000000002,10.0,2.266966547296708,7.26,0.31225434535767327
2911,佛燃股份,2017-10-31,0.67,2.0,9.132692811599266,29.3,0.3116960003958794
2903,宇环数控,2017-09-18,1.07,-6.0,13.177570093457943,42.33,0.3113056955695238
2903,宇环数控,2017-10-30,1.07,-6.0,13.177570093457943,42.33,0.3113056955695238
300717,华信新材,2017-11-03,0.88,1.0,11.761131976591843,37.89,0.31040200518848887
2616,长青集团,2017-10-28,0.4508,-50.0,2.9530963402917285,9.53,0.30987369782704394
2881,美格智能,2017-10-24,0.58,7.0,8.7,28.16,0.3089488636363636
600308,华泰股份,2017-10-31,0.156,0.0,2.043846624159315,6.63,0.30827249233172177
2741,光华科技,2017-10-28,0.18,40.0,4.622237750021835,15.11,0.3059058735950917
2138,顺络电子,2017-10-30,0.48,-20.0,5.031007074853699,16.45,0.3058362963436899
300715,凯伦股份,2017-10-25,0.75,3.0,10.424600401781815,34.19,0.3049020298853997
2843,泰嘉股份,2017-10-24,0.3919,10.0,6.212756572626431,20.38,0.3048457592064
2249,大洋电机,2017-10-30,0.23,-30.0,2.109354528779806,6.95,0.3035042487452958
2879,长缆科技,2017-10-20,1.12,4.0,15.87115031880514,52.3,0.3034636772238077
600580,卧龙电气,2017-10-30,0.1989,0.0,2.6059044458031266,8.59,0.30336489473843153
2498,汉缆股份,2017-10-21,0.13,-40.0,1.0219233120796578,3.37,0.3032413388960409
2901,大博医疗,2017-10-27,0.61,20.0,11.508428683727836,37.99,0.3029331056522199
2811,亚泰国际,2017-10-30,0.55,-20.0,5.764695606603198,19.07,0.3022913270373989
2216,三全食品,2017-10-26,0.05,80.0,2.478313795711115,8.21,0.30186526135336356
603978,深圳新星,2017-07-24,2.21,-14.0,24.90086470434099,82.5,0.3018286630829211
2558,巨人网络,2017-10-30,0.68,12.0,11.175543715608352,37.04,0.30171554307797926
2469,三维工程,2017-10-20,0.02,230.0,1.9789398236096858,6.58,0.30075073307138084
2373,千方科技,2017-10-28,0.3041,5.0,4.392570311817626,14.61,0.3006550521435747
2538,司尔特,2017-10-26,0.34,-40.0,2.6727225085160278,8.9,0.30030589983326156
300323,华灿光电,2017-10-25,0.35,0.0,4.58555332343436,15.28,0.3001016572928246
603165,荣晟环保,2017-10-28,1.29,0.0,16.901039392086645,56.49,0.29918639391196045
2119,康强电子,2017-10-26,0.21,42.0,5.547785832823827,18.6,0.2982680555281627
2132,恒星科技,2017-10-24,0.09,15.0,1.5594156694907848,5.26,0.2964668573176397
2686,亿利达,2017-10-27,0.29100000000000004,0.0,3.8125600489125686,12.86,0.2964665667894688
600133,东湖高新,2017-10-31,0.2296,0.0,3.0081229801729408,10.15,0.2963667960761518
300306,远方信息,2017-10-27,0.36,0.0,4.716569132675342,16.0,0.29478557079220885
2063,远光软件,2017-10-23,0.2206,15.0,3.8223010743296353,12.97,0.29470324397298653
2527,新时达,2017-10-25,0.28,-20.0,2.9347541269979915,9.96,0.29465402881505937
300681,英搏尔,2017-07-12,1.15,0.0,15.066818062712898,51.18,0.29438878590685613
2208,合肥城建,2017-10-24,0.34,-30.0,3.1181762599353657,10.6,0.29416757169201563
2594,比亚迪,2017-10-30,1.88,-20.0,19.704777709843658,67.08,0.29375041308651845
2235,安妮股份,2017-10-27,0.0366,757.0,4.376714163510381,14.92,0.2933454533183901
2606,大连电瓷,2017-10-25,0.47,-46.0,3.3251812385361164,11.36,0.29270961606832013
600571,信雅达,2017-10-31,0.28,0.0,3.668442658747489,12.61,0.29091535755332987
2898,赛隆药业,2017-10-20,0.5104,2.0,6.95720359856756,23.93,0.29073145000282324
2410,广联达,2017-10-30,0.377,10.0,5.976548170145866,20.56,0.290688140571297
2892,科力尔,2017-10-25,1.02,-10.0,12.027251288322123,41.4,0.2905133161430465
2318,久立特材,2017-10-24,0.2,-20.0,2.096252947855708,7.22,0.29033974347031966
2707,众信旅游,2017-10-26,0.26,-10.0,3.0657699362389725,10.62,0.2886789017174174
2565,顺灏股份,2017-10-26,0.14,0.0,1.8342213293737446,6.37,0.2879468334966632
600714,金瑞矿业,2017-10-27,0.2,0.0,2.6203161848196346,9.1,0.28794683349666317
2598,山东章鼓,2017-10-20,0.179,10.0,2.8376714123504243,9.86,0.2877962892850329
2452,长高集团,2017-10-26,0.229,-40.0,1.8001572189710893,6.26,0.28756505095384816
300073,当升科技,2017-10-24,0.5425,0.0,7.107607651323259,24.74,0.2872921443542142
2028,思源电气,2017-10-21,0.493,-30.0,4.52135557690628,15.74,0.2872525779483024
2762,金发拉比,2017-10-20,0.36,0.0,4.716569132675342,16.63,0.2836181077976754
2664,长鹰信质,2017-10-26,0.58,0.0,7.5989169359769395,26.81,0.28343591704501825
2461,珠江啤酒,2017-10-26,0.17,20.0,3.2072670102192333,11.32,0.2833274744009923
2546,新联电子,2017-10-26,0.11,0.0,1.441173901650799,5.09,0.28313829109053024
2338,奥普光电,2017-10-24,0.44,-30.0,4.035286924622238,14.3,0.2821878968267299
603683,晶华新材,2017-09-25,0.5427,-13.0,6.185898331732028,21.96,0.28168935936848943
2740,爱迪尔,2017-10-26,0.19,0.0,2.4893003755786527,8.84,0.2815950651107073
2186,全聚德,2017-10-24,0.4525,-15.0,5.039195562931261,17.91,0.28136211964998664
300720,海川智能,2017-11-03,0.7,0.0,9.17110664686872,32.61,0.28123602106313156
2722,金轮股份,2017-10-27,0.73,-20.0,7.651323259673334,27.28,0.2804737265276149
2909,集泰股份,2017-10-25,0.47,5.0,6.788911695344571,24.21,0.28041766606132057
600724,宁波富达,2017-10-26,0.0881,0.0,1.1542492794130492,4.12,0.2801575920905459
2910,庄园牧场,2017-10-10,0.54,-7.0,6.579613940082103,23.5,0.27998357191838735
2912,中新赛克,2017-11-07,2.01,18.0,36.667708970215735,131.0,0.27990617534515827
600884,杉杉股份,2017-10-30,0.404,0.0,5.293038693335662,18.95,0.27931602603354416
2883,中设股份,2017-10-30,1.01,10.0,16.011442047340385,57.4,0.2789449834031426
600505,西昌电力,2017-10-26,0.1537,0.0,2.0137129880338893,7.24,0.27813715304335485
300649,杭州园林,2017-10-20,0.53,20.0,9.999126561271726,36.01,0.27767638326219735
2250,联化科技,2017-10-26,0.32,-30.0,2.934754126997991,10.61,0.2766026509894431
2076,雪莱特,2017-10-27,0.1103,0.0,1.4451043759280284,5.23,0.2763105881315542
2140,东华科技,2017-10-24,0.18,15.0,3.1188313389815696,11.29,0.2762472399452232
300127,银河磁体,2017-10-26,0.37,0.0,4.847584941916324,17.56,0.27605836799067907
2915,中欣氟材,2017-11-14,0.39,41.0,10.158428683727834,36.8,0.2760442577099955
600805,悦达投资,2017-10-27,0.13,0.0,1.7032055201327627,6.19,0.27515436512645597
2044,美年健康,2017-10-30,0.14,62.0,6.375900672224035,23.18,0.2750604258940481
603655,朗博科技,2017-12-11,0.38,10.0,6.024106908900341,21.93,0.27469707746923583
2810,山东赫达,2017-10-25,0.61,-10.0,7.192767927329897,26.3,0.2734892748034181
2418,康盛股份,2017-10-20,0.17,4.0,2.4090138876757803,8.81,0.27344084990644496
2411,必康股份,2017-10-23,0.652,-15.0,7.260896148135209,26.59,0.27306867800433277
2590,万安科技,2017-10-24,0.27,0.0,3.5374268495065073,13.02,0.2716917703154
2282,博深工具,2017-10-26,0.04,290.0,4.096062708531277,15.11,0.2710829059252996
2921,联诚精密,2017-12-13,0.79,1.0,10.558288933531314,39.1,0.27003296505195173
2695,煌上煌,2017-10-24,0.18,40.0,4.622237750021835,17.13,0.2698329101005158
600738,兰州民百,2017-10-27,0.16899999999999998,0.0,2.214167176172591,8.22,0.26936340342732246
2392,北京利尔,2017-10-21,0.1231,-15.0,1.3708839199930125,5.11,0.26827473972466
2835,同为股份,2017-10-24,0.79,-70.0,3.105074679011268,11.61,0.26744829276582843
2426,胜利精密,2017-10-27,0.1122,4.0,1.5899491658660145,5.95,0.2672183472043722
2866,传艺科技,2017-10-23,0.84,-11.0,9.794741898855795,36.81,0.26608915780646003
2547,春兴精工,2017-10-26,0.16,0.0,2.0962529478557075,7.92,0.2646784025070338
2038,双鹭药业,2017-10-27,0.6601,0.0,8.648353567997205,32.79,0.26374972759979276
2510,天汽模,2017-10-21,0.18,-30.0,1.6507991964363697,6.29,0.26244820293106036
300711,广哈通信,2017-10-31,0.5,8.0,7.640841994934057,29.13,0.26230147596752684
2877,智能自控,2017-10-24,0.5,-10.0,5.895711415844178,22.56,0.2613347258796178
600567,山鹰纸业,2017-10-19,0.09,0.0,1.1791422831688354,4.55,0.25915215014699683
2287,奇正藏药,2017-10-27,0.7139,0.0,9.353218621713687,36.16,0.25866201940579886
2792,通宇通讯,2017-10-25,0.96,-29.0,8.930037557865315,34.6,0.25809357103656977
2333,罗普斯金,2017-10-31,0.28,0.0,3.668442658747489,14.22,0.25797768345622285
600532,宏达矿业,2017-10-14,0.22,0.0,2.882347803301598,11.18,0.25781286254933794
2379,宏创控股,2017-10-27,0.0153,203.0,1.4860921987580038,5.79,0.2566653193019005
2919,名臣健康,2017-11-29,0.78,0.0,10.219233120796575,39.83,0.25657125585730794
2709,天赐材料,2017-10-26,1.23,-25.0,12.086208402480567,47.12,0.25649848052802565
2308,威创股份,2017-10-25,0.22,0.0,2.882347803301598,11.24,0.25643663730441263
2864,盘龙药业,2017-11-15,0.61,8.0,9.32182723381955,36.39,0.25616452964604425
2817,黄山胶囊,2017-10-27,0.76,-20.0,7.9657612018516915,31.1,0.2561338007026267
2437,誉衡药业,2017-10-28,0.3289,-60.0,1.723643986374356,6.77,0.2546002934083244
2436,兴森科技,2017-10-31,0.13,-15.0,1.4477246921128484,5.69,0.2544331620584971
2041,登海种业,2017-10-26,0.5025,-50.0,3.291772207179666,12.94,0.2543873421313498
600699,均胜电子,2017-10-28,0.66,0.0,8.647043409904795,34.05,0.25395134830851085
2261,拓维信息,2017-10-30,0.19,-20.0,1.9914403004629229,7.85,0.25368666247935323
2549,凯美特气,2017-10-26,0.03,100.0,1.6312761057770064,6.44,0.2533037431330755
2631,德尔未来,2017-10-27,0.29,-25.0,2.849593850991353,11.42,0.2495266069169311
2292,奥飞娱乐,2017-10-25,0.39,-30.0,3.5767315922788017,14.34,0.2494234025299025
2031,巨轮智能,2017-10-31,0.0143,80.0,0.7087977455733789,2.85,0.24870096335908032
2104,恒宝股份,2017-10-25,0.205,-10.0,2.4172416804961125,9.72,0.24868741568890046
2698,博实股份,2017-10-27,0.16,10.0,2.536466066905407,10.2,0.2486731438142556
603083,剑桥科技,2017-11-09,0.9,0.0,11.791422831688356,47.42,0.2486592752359417
300725,药石科技,2017-11-09,0.69,77.0,33.72372168631584,136.3,0.24742275631926514
2500,山西证券,2017-10-24,0.17,0.0,2.2272687570966894,9.02,0.24692558282668398
2855,捷荣技术,2017-10-23,0.4,-40.0,3.1443794217835617,12.76,0.24642471957551423
300726,宏达电子,2017-11-20,0.5463,1.0,7.301257271377413,29.65,0.24624813731458392
600433,冠豪高新,2017-10-28,0.09,0.0,1.1791422831688354,4.81,0.24514392581472672
2407,多氟多,2017-10-23,0.76,-50.0,4.978600751157305,20.43,0.24369068777079322
2102,冠福股份,2017-10-23,0.112,-18.0,1.2032491920691764,4.96,0.24259056291717265
2888,惠威科技,2017-10-30,0.59,-15.0,6.5704428334352345,27.1,0.24245176507141086
2731,萃华珠宝,2017-10-20,0.39,-14.0,4.394270241942528,18.13,0.2423756338633496
2746,仙坛股份,2017-10-25,1.49,-71.0,5.661193117302822,23.36,0.24234559577494957
2842,翔鹭钨业,2017-10-23,0.76,5.0,10.977814656301861,45.32,0.24222892004196517
600984,建设机械,2017-10-28,0.1291,0.0,1.6914140973010743,7.01,0.2412858911984414
2190,成飞集成,2017-10-31,0.4,0.0,5.240632369639269,21.72,0.24128141665005845
2363,隆基机械,2017-10-23,0.16,0.0,2.0962529478557075,8.73,0.24012061258370074
603722,阿科力,2017-10-24,0.71,0.0,9.302122456109702,38.97,0.238699575471124
2653,海思科,2017-10-28,0.42,-50.0,2.7513319940606165,11.54,0.2384169838874018
2593,日上集团,2017-10-24,0.1,-20.0,1.048126473927854,4.4,0.23821056225633042
2858,力盛赛车,2017-10-31,0.69,0.0,9.040090837627739,37.98,0.23802240225454818
2650,加加食品,2017-10-20,0.13,0.0,1.7032055201327627,7.19,0.23688532964294334
2210,飞马国际,2017-10-31,1.58,-85.0,3.105074679011268,13.13,0.23648702810443778
300722,新余国科,2017-11-09,0.57,5.0,8.233360992226396,34.9,0.2359129224133638
2299,圣农发展,2017-10-30,0.611,-55.0,3.602279675080793,15.3,0.23544311601835247
300023,宝德股份,2017-10-28,0.2,0.0,2.6203161848196346,11.21,0.23374809855661324
2393,力生制药,2017-10-31,0.63,-10.0,7.428596383963665,31.96,0.23243417972351893
601020,华钰矿业,2017-10-26,0.36,0.0,4.716569132675342,20.32,0.23211462267103058
2069,獐子岛,2017-10-27,0.1119,13.0,1.872020831513669,8.14,0.22997798912944337
2902,铭普光磁,2017-10-24,0.86,-15.0,9.577255655515765,41.75,0.22939534504229378
2721,金一文化,2017-10-31,0.27,3.0,3.7528561446414535,16.48,0.2277218534369814
2644,佛慈制药,2017-12-08,0.1193,20.0,2.2507467901126734,9.9,0.22734816061744176
600758,红阳能源,2017-10-28,0.13,0.0,1.7032055201327627,7.57,0.22499412419191053
601001,大同煤业,2017-10-31,0.11,0.0,1.441173901650799,6.41,0.22483212194240232
2703,浙江世宝,2017-10-23,0.201,-30.0,1.8433924360206133,8.26,0.22317099709692656
2751,易尚展示,2017-10-21,0.11,177.0,8.710784973518805,39.05,0.22306747691469414
2382,蓝帆医疗,2017-10-26,0.37,-10.0,4.362826447724691,19.64,0.22213983949718386
2893,华通热力,2017-10-26,0.55,5.0,7.944471132850031,36.36,0.21849480563393925
2857,三晖电气,2017-10-30,0.67,-30.0,6.144641453402045,28.19,0.21797238217105513
2300,太阳电缆,2017-10-27,0.2862,-50.0,1.8748362302384487,8.61,0.21775101396497665
600395,盘江股份,2017-10-28,0.118,0.0,1.5459865490435845,7.11,0.21743833319881636
2339,积成电子,2017-10-26,0.21,-20.0,2.201065595248494,10.13,0.21728189489126296
2663,普邦股份,2017-10-30,0.06,30.0,1.3285003057035547,6.17,0.2153160949276426
300359,全通教育,2017-10-27,0.16,0.0,2.0962529478557075,9.83,0.2132505542070913
2364,中恒电气,2017-10-26,0.29,-40.0,2.279675080793082,10.7,0.21305374586851236
300055,万邦达,2017-10-26,0.3191,0.0,4.1807144728797265,19.68,0.2124346784999861
2331,皖通科技,2017-10-28,0.2194,-20.0,2.2995894837977118,10.95,0.21000817203632072
300615,欣天科技,2017-10-26,0.96,-47.0,6.6660843741811515,31.86,0.20923052021911964
2674,兴业科技,2017-10-24,0.2418,-30.0,2.217573587212857,10.6,0.20920505539743933
2211,宏达新材,2017-10-28,0.03,80.0,1.486988277426669,7.11,0.2091404047013599
300506,名家汇,2017-10-28,0.36,0.0,4.716569132675342,22.62,0.2085132242562043
2401,中远海科,2017-10-20,0.1952,0.0,2.557428596383964,12.3,0.2079210240962572
2806,华锋股份,2017-10-24,0.38,-10.0,4.4807406760415756,21.6,0.20744169796488773
2773,康弘药业,2017-10-23,0.7421,10.0,11.764446676565642,56.76,0.20726650240601907
2657,中科金财,2017-10-27,0.53,-20.0,5.555070311817627,26.81,0.20720142901222033
603029,天鹅股份,2017-10-27,0.33,0.0,4.323521704952397,20.9,0.20686706722260276
2825,纳尔股份,2017-10-23,0.84,-53.0,5.1725041488339585,25.06,0.2064047944466863
300730,科创信息,2017-11-14,0.54,11.0,8.716927242553936,42.39,0.2056364058163231
2542,中化岩土,2017-10-23,0.14,-10.0,1.65079919643637,8.03,0.20557897838560027
2268,卫士通,2017-10-30,0.3601,2.0,4.90848161411477,24.01,0.2044348860522603
300074,华平股份,2017-10-27,0.1337,0.0,1.7516813695519258,8.57,0.20439689259649074
2412,汉森制药,2017-10-27,0.287,-10.0,3.384138352694558,16.57,0.20423285170154243
2325,洪涛股份,2017-10-28,0.11,-30.0,1.0088217311555594,4.95,0.20380236993041603
2651,利君股份,2017-10-25,0.1,5.0,1.4444492968818239,7.1,0.20344356294110197
2646,青青稞酒,2017-10-25,0.4803,-50.0,3.1463446589221764,15.49,0.20312102381679642
2697,红旗连锁,2017-10-19,0.1061,-5.0,1.3205738492444756,6.56,0.2013069892140969
2630,华西能源,2017-10-26,0.2779,-40.0,2.184557603284129,10.91,0.2002344274320925
2886,沃特股份,2017-10-31,0.9377,-43.0,7.00265088654031,34.99,0.20013292044985165
2106,莱宝高科,2017-10-27,0.3,-48.0,2.043846624159315,10.27,0.1990113558090862
600017,日照港,2017-10-19,0.06,0.0,0.7860948554458904,3.95,0.19901135580908616
2610,爱康科技,2017-10-26,0.04,6.0,0.5888374530526684,3.0,0.19627915101755614
2200,云投生态,2017-10-26,0.1816,0.0,2.3792470958162286,12.13,0.19614567978699327
2471,中超控股,2017-10-28,0.0883,-30.0,0.8098087169185082,4.2,0.19281159926631147
2254,泰和新材,2017-12-08,0.1,35.0,2.387763123416893,12.41,0.19240637577895994
2812,创新股份,2017-10-20,1.52,-15.0,16.927242553934843,88.78,0.19066504340994417
2012,凯恩股份,2017-10-27,0.02,210.0,1.9524416024707512,10.39,0.187915457408157
2735,王子新材,2017-10-26,0.46,0.0,6.0267272250851605,32.16,0.187398234610857
2678,珠江钢琴,2017-10-23,0.16,0.0,2.0962529478557075,11.19,0.1873327031148979
2642,荣之联,2017-10-24,0.379,-50.0,2.4827495851166037,13.35,0.18597375169412764
2733,雄韬股份,2017-10-20,0.37,-35.0,3.150930212245611,17.07,0.18458876463067433
300603,立昂技术,2017-10-26,0.46,0.0,6.0267272250851605,32.67,0.18447282598975084
2252,上海莱士,2017-10-25,0.325,-15.0,3.6193117302821207,19.62,0.18447052651794701
2362,汉王科技,2017-10-26,0.0996,64.0,4.579044024650165,25.04,0.182869170313505
2755,东方新星,2017-10-20,0.05,222.0,4.921509183256658,27.1,0.18160550491721986
2355,兴民智通,2017-10-28,0.1,20.0,1.8866276530701374,10.48,0.1800217226211963
2895,川恒股份,2017-10-24,0.3398,0.0,4.451917198008559,24.95,0.17843355503040317
2730,电光科技,2017-10-26,0.12,20.0,2.263953183684164,12.69,0.17840450620048576
2286,保龄宝,2017-10-26,0.13,0.0,1.7032055201327627,9.58,0.17778763258170802
300692,中环环保,2017-07-31,0.58,0.0,7.5989169359769395,42.85,0.17733761810914678
2689,远大智能,2017-10-26,0.0756,0.0,0.990479517861822,5.59,0.17718774917027227
2700,新疆浩源,2017-10-21,0.19,-25.0,1.86697528168399,10.55,0.17696448167620757
2336,人人乐,2017-10-30,0.1512,0.0,1.980959035723644,11.25,0.17608524761987945
2786,银宝山新,2017-10-24,0.26,-49.0,1.7372696305354178,9.87,0.17601516013530072
2284,亚太股份,2017-10-26,0.2,-40.0,1.5721897108917808,9.01,0.17449386358399344
2487,大金重工,2017-10-25,0.13,-50.0,0.8516027600663814,4.93,0.17273889656518893
2151,北斗星通,2017-10-27,0.11,93.0,5.7918907264124435,33.84,0.17115516331006037
697,炼石有色,2017-10-31,-0.068,-530.0,3.830902262206306,22.5,0.17026232276472472
2798,帝王洁具,2017-10-30,0.65,0.0,8.516027600663813,50.11,0.16994666934072666
2079,苏州固锝,2017-10-26,0.156,-25.0,1.5328849681194865,9.02,0.1699429011218943
300139,晓程科技,2017-10-26,0.1,0.0,1.3101580924098173,7.71,0.16992971367183105
2908,德生科技,2017-09-25,0.4873,0.0,6.38440038431304,37.74,0.16916800170410812
600137,浪莎股份,2017-10-31,0.138,50.0,4.068040876932483,24.07,0.1690087609859777
2009,天奇股份,2017-10-28,0.28,-20.0,2.9347541269979915,17.4,0.16866403028724092
2752,N兴股份,2017-10-26,0.29,-50.0,1.8997292339942349,11.27,0.168565149422736
2313,日海通讯,2017-10-28,0.22,33.0,5.098585029260199,30.55,0.1668931269806939
600682,南京新百,2017-10-31,0.48,0.0,6.288758843567123,37.77,0.16650142556439299
600280,中央商场,2017-10-20,0.103,0.0,1.3494628351821119,8.16,0.1653753474487882
2634,棒杰股份,2017-10-23,0.09,0.0,1.1791422831688354,7.14,0.1651459780348509
300410,正业科技,2017-10-26,0.45,0.0,5.895711415844178,35.78,0.16477673045959135
2256,兆新股份,2017-10-21,0.06,0.0,0.7860948554458904,4.79,0.16411166084465353
300332,天壕环境,2017-10-26,0.08,0.0,1.0481264739278537,6.44,0.1627525580633313
2465,海格通信,2017-10-27,0.25,-50.0,1.6376976155122718,10.07,0.16263134215613423
2115,三维通信,2017-10-24,0.0672,30.0,1.4879203423879812,9.23,0.16120480415904453
600701,工大高新,2017-10-27,0.121,0.0,1.5852912918158788,9.84,0.16110683859917468
2605,姚记扑克,2017-10-31,0.258,-40.0,2.0281247270503973,12.61,0.16083463339019805
2778,高科石化,2017-10-24,0.38,-20.0,3.9828806009258457,24.8,0.16060002423088088
2413,雷科防务,2017-10-31,0.1,10.0,1.5852912918158795,9.9,0.1601304335167555
2826,易明医药,2017-10-24,0.38,-33.0,3.335662503275395,20.85,0.15998381310673354
2059,云南旅游,2017-10-21,0.0914,1.0,1.2215539348414708,7.65,0.15968025292045368
603958,哈森股份,2017-10-25,0.423,-60.0,2.2167874923574113,13.98,0.15856849015432126
2644,佛慈制药,2017-10-21,0.1193,0.0,1.5630186042449121,9.9,0.15788066709544565
2266,浙富控股,2017-10-27,0.03,30.0,0.6642501528517774,4.21,0.15777913369400887
2193,如意集团,2017-10-26,0.13,22.0,2.5350510961656036,16.49,0.1537326316655915
2289,宇顺电子,2017-10-28,0.1598,0.0,2.0936326316708884,13.7,0.15281990012196267
600903,贵州燃气,2017-11-06,0.15,44.0,4.075115730631495,26.72,0.15251181626614876
2107,沃华医药,2017-10-31,0.14,0.0,1.8342213293737446,12.08,0.15183951402100535
2422,科伦药业,2017-10-27,0.41,-25.0,4.028736134160189,26.6,0.1514562456451199
300103,达刚路机,2017-10-30,0.1117,35.0,2.667131408856669,17.68,0.15085584891723242
2856,美芝股份,2017-10-27,0.69,-25.0,6.780068128220805,44.98,0.15073517403781247
2175,东方网络,2017-10-24,0.0828,6.0,1.2188935278190236,8.1,0.15048068244679305
300516,久之洋,2017-10-27,1.31,-60.0,6.8652284042274445,45.84,0.14976501754422872
2767,先锋电子,2017-10-24,0.3,-20.0,3.144379421783562,21.08,0.14916410919276862
2539,云图控股,2017-10-30,0.14,-50.0,0.9171106646868723,6.15,0.14912368531493858
2153,石基信息,2017-10-27,0.36,-15.0,4.009083762774042,26.9,0.1490365711068417
2156,通富微电,2017-10-28,0.19,-20.0,1.9914403004629229,13.4,0.1486149477957405
601326,秦港股份,2017-10-30,0.07,0.0,0.9171106646868723,6.2,0.14792107494949552
601326,秦港股份,2017-08-15,0.07,0.0,0.9171106646868723,6.2,0.14792107494949552
2625,光启技术,2017-10-30,0.22,12.0,3.6156170844615256,24.69,0.14644054615073007
600881,亚泰集团,2017-10-28,0.06,0.0,0.7860948554458904,5.37,0.14638637904020305
2848,高斯贝尔,2017-10-27,0.4797,-60.0,2.513931347715958,17.21,0.1460738726156861
2405,四维图新,2017-10-25,0.1502,40.0,3.857000611407109,26.43,0.14593267542213806
600880,博瑞传播,2017-10-31,0.06,0.0,0.7860948554458904,5.43,0.1447688499900351
2006,精功科技,2017-10-27,0.14,-44.0,1.027163944449297,7.1,0.1446709780914503
2253,川大智胜,2017-10-21,0.17,15.0,2.9455629312603717,20.64,0.1427113823285064
2165,红宝丽,2017-10-20,0.22,-70.0,0.8647043409904797,6.07,0.14245541037734424
600303,曙光股份,2017-10-30,0.1,0.0,1.3101580924098173,9.26,0.14148575511985068
2011,盾安环境,2017-10-24,0.09,0.0,1.1791422831688354,8.34,0.1413839668068148
300132,青松股份,2017-10-27,0.0848,0.0,1.1110140623635252,7.86,0.14135038961368004
2017,东信和平,2017-10-26,0.24,-60.0,1.2577517687134248,8.93,0.1408456627898572
2665,首航节能,2017-10-25,0.08,-10.0,0.9433138265350685,6.75,0.13975019652371384
2544,杰赛科技,2017-10-27,0.21,-20.0,2.201065595248494,15.85,0.1388684918137851
2276,万马股份,2017-10-23,0.23,-60.0,1.2053454450170322,8.68,0.13886468260564888
300184,力源信息,2017-10-28,0.1221,0.0,1.599703030832387,11.66,0.13719580024291483
2799,环球印务,2017-10-20,0.31,-25.0,3.046117564852826,22.4,0.1359873912880726
2114,罗平锌电,2017-10-23,0.31,-39.0,2.4775089527469647,18.3,0.13538300288234778
68,华控赛格,2017-10-31,0.0099,150.0,0.7464986849998702,5.58,0.13378112634406275
300288,朗玛信息,2017-10-20,0.25,0.0,3.2753952310245436,24.55,0.13341732101932968
600771,广誉远,2017-10-21,0.44,0.0,5.764695606603196,43.31,0.13310310797975514
2692,睿康股份,2017-10-27,0.1268,-20.0,1.329024368940519,10.03,0.1325049221276689
600596,新安股份,2017-10-31,0.1142,0.0,1.4962005415320112,11.56,0.1294291125892743
300181,佐力药业,2017-10-26,0.12,-40.0,0.9433138265350685,7.29,0.12939833011454985
300331,苏大维格,2017-10-26,0.17,0.0,2.2272687570966894,17.3,0.12874385879171615
2181,粤传媒,2017-10-27,0.1632,-70.0,0.6414534020438468,4.99,0.12854777596069075
2481,双塔食品,2017-10-20,0.05,0.0,0.6550790462049086,5.11,0.1281955080635829
600345,长江通信,2017-10-31,0.32,0.0,4.192505895711415,32.72,0.12813282077357627
600569,安阳钢铁,2017-10-27,0.051,0.0,0.6681806271290068,5.27,0.1267894928138533
600716,凤凰股份,2017-10-28,0.057,0.0,0.746790112673596,5.9,0.1265745953684061
600768,宁波富邦,2017-10-28,0.13699999999999998,0.0,1.7949165866014494,14.28,0.1256944388376365
300112,万讯自控,2017-10-30,0.1,0.0,1.3101580924098173,10.45,0.12537398013491075
2251,步步高,2017-10-28,0.1688,0.0,2.211546859987772,17.65,0.12530010538174347
2420,毅昌股份,2017-10-31,0.05,0.0,0.6550790462049086,5.23,0.12525411973325212
300277,海联讯,2017-10-26,0.078,0.0,1.0219233120796576,8.19,0.12477696118188739
2816,和科达,2017-10-24,0.38,-48.0,2.588872390601799,20.78,0.12458481186726655
600428,中远海特,2017-10-28,0.024,50.0,0.7074853699013014,5.68,0.12455728343332771
2348,高乐股份,2017-10-27,0.0449,10.0,0.7117957900253299,5.74,0.1240062351960505
600528,中铁工业,2017-10-27,0.115,0.0,1.5066818062712901,12.21,0.12339736333098199
300321,同大股份,2017-10-26,0.3732,-40.0,2.933706000524063,23.8,0.12326495800521273
2400,省广股份,2017-10-25,0.5,-90.0,0.6550790462049085,5.34,0.12267397869005778
2024,苏宁云商,2017-10-31,0.08,23.0,1.58571054240545,12.94,0.12254331857847374
2232,启明信息,2017-10-26,0.1119,-12.0,1.2901388767577955,10.62,0.12148200346118602
2613,北玻股份,2017-10-21,0.0334,0.0,0.437592802864879,3.61,0.12121684289885845
600103,青山纸业,2017-10-27,0.0363,0.0,0.47558738754476365,3.95,0.12040187026449713
2669,康达新材,2017-10-24,0.41,-45.0,2.954406498384138,24.9,0.11865086338892121
2377,国创高新,2017-10-25,0.01,616.0,1.153533008651234,9.8,0.11770744986237082
2819,东方中科,2017-10-30,0.3521,-34.0,3.0446239846274783,25.87,0.11768936933233391
2321,华英农业,2017-10-25,0.171,-34.0,1.47864442309372,12.6,0.11735273199156508
300180,华峰超纤,2017-10-27,0.22,0.0,2.882347803301598,24.66,0.11688352811442003
2265,西仪股份,2017-10-27,0.02,178.0,1.5865828244120856,13.65,0.11623317394960334
2779,中坚科技,2017-10-27,0.27,-30.0,2.4761987946545547,21.46,0.1153867099093455
2096,南岭民爆,2017-10-20,0.09,-20.0,0.9433138265350687,8.23,0.11461893396537894
2785,万里石,2017-10-23,0.12,-4.0,1.5093021224561096,13.31,0.11339610236334408
2702,海欣食品,2017-10-23,0.0462,0.0,0.6052930386933356,5.34,0.11335075630961342
600746,江苏索普,2017-10-28,0.0711,0.0,0.9315224037033801,8.23,0.11318619729081167
600888,新疆众和,2017-10-20,0.0613,0.0,0.8031269106472181,7.11,0.11295737139904614
601002,晋亿实业,2017-10-25,0.09,0.0,1.1791422831688354,10.54,0.11187308189457643
2719,麦趣尔,2017-10-24,0.26,-10.0,3.0657699362389725,27.49,0.11152309698941335
2049,紫光国芯,2017-10-24,0.5539,-30.0,5.079875971700584,45.6,0.111400788853083
600868,梅雁吉祥,2017-10-24,0.0359,0.0,0.4703467551751244,4.23,0.11119308632981664
2750,龙津药业,2017-10-30,0.2273,-65.0,1.04229627041663,9.43,0.11052982719158326
2264,新华都,2017-10-27,0.08,0.0,1.0481264739278537,9.6,0.10917984103415143
600624,复旦复华,2017-10-28,0.056,0.0,0.7336885317494977,6.74,0.10885586524473259
2708,光洋股份,2017-10-23,0.142,-61.0,0.7255655515765569,6.69,0.10845523939858846
2246,北化股份,2017-10-25,0.2,-50.0,1.3101580924098173,12.13,0.10800973556552491
2254,泰和新材,2017-10-30,0.1,1.0,1.3364922700672548,12.41,0.1076947840505443
2347,泰尔股份,2017-10-24,0.0223,50.0,0.6573718228666259,6.22,0.10568678824222281
2907,华森制药,2017-10-19,0.2659,4.0,3.7679811337234703,36.0,0.10466614260342973
600319,亚星化学,2017-10-28,0.08,0.0,1.0481264739278537,10.05,0.10429119143560733
300102,乾照光电,2017-10-28,0.07,0.0,0.9171106646868723,8.88,0.1032782280052784
603993,洛阳钼业,2017-10-30,0.06,0.0,0.7860948554458904,7.64,0.10289199678611131
2214,大立科技,2017-10-24,0.07,-15.0,0.7795440649838415,7.67,0.10163547131471207
2371,北方华创,2017-10-30,0.2202,10.0,3.490811424578567,35.62,0.09800144369956673
2729,好利来,2017-10-24,0.32,20.0,6.037208489824439,61.92,0.09750013710956781
600160,巨化股份,2017-10-26,0.08,0.0,1.0481264739278537,11.02,0.09511129527475987
2197,证通电子,2017-10-21,0.12,-25.0,1.1791422831688356,12.4,0.09509211961038996
2369,卓翼科技,2017-10-25,0.04,48.0,1.1479081142457856,12.18,0.0942453295768297
2584,西陇科学,2017-10-21,0.17,-20.0,1.781815005677352,18.94,0.09407682184146525
603703,盛洋科技,2017-10-31,0.12,0.0,1.5721897108917808,17.12,0.09183351115022084
600444,国机通用,2017-10-27,0.105,0.0,1.3756659970303082,15.02,0.09158894787152519
2480,新筑股份,2017-10-30,0.029,33.0,0.6720862084024807,7.41,0.09069989317172479
2522,浙江众成,2017-10-31,0.12,-50.0,0.7860948554458904,8.71,0.09025199258850636
960,锡业股份,2017-10-26,0.0925,0.0,1.211896235479081,13.43,0.09023799221735525
2725,跃岭股份,2017-10-30,0.28,-65.0,1.2839549305616211,14.33,0.08959908796661696
2679,福建金森,2017-10-26,0.18,-21.0,1.8630448074067605,20.87,0.08926903724996456
2813,路畅科技,2017-10-26,0.43,-46.0,3.042187090575596,34.12,0.08916140359248524
600679,上海凤凰,2017-10-28,0.131,0.0,1.7163071010568607,19.44,0.08828740231773974
2291,星期六,2017-10-28,0.05,0.0,0.6550790462049086,7.44,0.08804825889850922
519,中兵红箭,2017-10-27,0.11,-45.0,0.7926456459079395,9.12,0.08691289977060741
2137,麦达数字,2017-10-23,0.263,-82.0,0.6202288409468077,7.19,0.08626270388689954
2796,世嘉科技,2017-10-14,0.68,-70.0,2.672722508516028,31.0,0.08621685511342027
2030,达安基因,2017-10-28,0.15,-20.0,1.572189710891781,18.28,0.08600600168992237
2034,美欣达,2017-10-26,0.2,29.0,4.360468163158354,51.2,0.0851653938116866
2010,传化智联,2017-10-21,0.18,-40.0,1.4149707398026028,16.7,0.08472878681452711
2629,仁智股份,2017-10-26,0.06,-26.0,0.581710193029959,7.06,0.08239521147733131
2113,天润数娱,2017-10-26,0.07400000000000001,-0.0,0.9695169883832649,11.91,0.0814036094360424
2389,南洋科技,2017-10-21,0.17,-30.0,1.5590881299676829,19.16,0.08137203183547405
2782,可立克,2017-10-28,0.1383,-40.0,1.0871691850816665,13.55,0.08023388819790896
2451,摩恩电气,2017-10-21,0.02,773.0,2.400644470599784,30.08,0.0798086592619609
600235,民丰特纸,2017-10-27,0.04,0.0,0.5240632369639269,6.64,0.07892518628974803
2409,雅克科技,2017-10-25,0.2034,-20.0,2.131889247969255,27.35,0.07794841857291608
2307,北新路桥,2017-10-24,0.07,0.0,0.9171106646868723,11.85,0.07739330503686687
2198,嘉应制药,2017-10-27,0.1087,-38.0,0.8829679447986725,11.92,0.07407449201331145
2395,双象股份,2017-10-20,0.1988,-65.0,0.911608000698751,12.31,0.07405426488210812
600130,波导股份,2017-10-31,0.04,0.0,0.5240632369639269,7.09,0.07391583031931268
2414,高德红外,2017-10-24,0.1169,-20.0,1.2252598480216614,16.59,0.07385532537803867
2161,远望谷,2017-10-26,0.05,0.0,0.6550790462049086,8.91,0.07352177847417606
2305,南国置业,2017-10-25,0.0271,0.0,0.3550528430430605,4.96,0.071583234484488
2302,西部建设,2017-10-20,0.31,-70.0,1.2184470259411306,17.43,0.06990516499949115
600740,山西焦化,2017-10-24,0.0577,0.0,0.7559612193204647,10.89,0.06941792647570841
600549,厦门钨业,2017-10-17,0.1359,0.0,1.7805048475849417,25.88,0.06879848715552325
2489,浙江永强,2017-10-28,0.03,0.0,0.3930474277229452,5.76,0.06823740064634466
300318,博晖创新,2017-10-20,0.029,0.0,0.379945846798847,5.62,0.06760602256207242
2623,亚玛顿,2017-10-27,0.11,2.0,1.4993973272774914,22.45,0.06678829965601299
2618,丹邦科技,2017-10-31,0.07,-10.0,0.825399598218185,12.61,0.06545595544949921
2505,大康农业,2017-10-24,0.0139,-1.0,0.18029085509651493,2.76,0.06532277358569383
2494,华斯股份,2017-10-23,0.04,10.0,0.6341165167263517,9.71,0.0653055115063184
2457,青龙管业,2017-10-30,0.06,0.0,0.7860948554458904,12.52,0.06278712902922448
2495,佳隆股份,2017-10-25,0.0345,-45.0,0.2486024980347629,3.99,0.062306390484902975
600630,龙头股份,2017-10-26,0.05,0.0,0.6550790462049086,10.52,0.06226987131225368
2199,东晶电子,2017-10-25,0.07,0.0,0.9171106646868723,14.98,0.061222340766813904
2021,中捷资源,2017-10-30,0.02,0.0,0.26203161848196344,4.34,0.06037594895897775
601857,中国石油,2017-10-31,0.04,0.0,0.5240632369639269,8.75,0.05989294136730593
600396,金山股份,2017-10-27,0.0146,0.0,0.19128308149183335,3.2,0.059775962966197915
2337,赛象科技,2017-10-26,0.02,11.0,0.32284915713162726,5.43,0.05945656669090742
2474,榕基软件,2017-10-25,0.0399,0.0,0.5227530788715171,8.89,0.058802371076661086
600963,岳阳林纸,2017-10-28,0.03,0.0,0.3930474277229452,6.76,0.05814311060990314
2353,杰瑞股份,2017-10-28,0.13,-50.0,0.8516027600663814,15.25,0.055842803938779106
2432,九安医疗,2017-10-31,0.04,0.0,0.5240632369639269,9.56,0.05481833022635218
300312,邦讯技术,2017-10-30,0.06,0.0,0.7860948554458904,14.39,0.054627856528553884
603318,派思股份,2017-10-30,0.06,0.0,0.7860948554458904,14.46,0.05436340632405881
2476,宝莫股份,2017-10-30,0.0242,0.0,0.3170582583631758,5.86,0.054105504840132386
2761,多喜爱,2017-10-27,0.18,-20.0,1.8866276530701374,35.03,0.05385748367314123
2459,天业通联,2017-10-21,0.05,-5.0,0.6223250938946633,11.71,0.05314475609689694
2023,海特高新,2017-10-26,0.05,-20.0,0.524063236963927,10.0,0.0524063236963927
819,岳阳兴长,2017-10-27,0.117,-57.0,0.6591405362913791,12.59,0.05235429200090382
2230,科大讯飞,2017-10-19,0.37,-30.0,3.393309459341427,64.82,0.05234972939434476
600171,上海贝岭,2017-08-15,0.06,0.0,0.7860948554458904,15.09,0.052093761129615
600171,上海贝岭,2017-10-31,0.06,0.0,0.7860948554458904,15.09,0.052093761129615
2077,大港股份,2017-10-26,0.08,-30.0,0.7336885317494978,14.21,0.05163184600629822
2167,东方锆业,2017-10-31,0.04,0.0,0.5240632369639269,10.23,0.05122807790458718
2399,海普瑞,2017-10-26,0.3165,-82.0,0.7463970652458731,15.16,0.049234634910677644
600615,丰华股份,2017-10-28,0.049,0.0,0.6419774652808106,13.11,0.04896853282080935
600971,恒源煤电,2017-10-27,0.04,0.0,0.5240632369639269,10.9,0.04807919605173641
2723,金莱特,2017-10-30,0.0353,40.0,0.9064721809765044,19.09,0.047484137295783366
600500,中化国际,2017-10-31,0.03,0.0,0.3930474277229452,8.4,0.04679136044320776
2577,雷柏科技,2017-10-31,0.06,0.0,0.7860948554458904,16.9,0.046514488487922515
300016,北陆药业,2017-10-24,0.05,0.0,0.6550790462049086,14.18,0.046197393949570426
300226,上海钢联,2017-10-30,0.1402,0.0,1.8368416455585637,39.82,0.046128619928642985
2227,奥特迅,2017-10-26,0.0413,20.0,0.7791772207179667,18.35,0.0424619738810881
2095,生意宝,2017-10-25,0.05,50.0,1.4739278539610445,34.75,0.04241519004204445
2280,联络互动,2017-10-27,0.17,-85.0,0.3340903135645035,7.91,0.04223644924962118
2715,登云股份,2017-10-28,0.09,0.0,1.1791422831688354,28.47,0.041417010297465244
2269,美邦服饰,2017-10-27,0.01,0.0,0.13101580924098172,3.22,0.040688139515832826
2342,巨力索具,2017-10-23,0.02,0.0,0.26203161848196344,6.46,0.040562170043647594
2229,鸿博股份,2017-10-25,0.0409,-25.0,0.40189099484671154,10.19,0.03943974434216993
2240,威华股份,2017-10-25,0.05,-14.0,0.5633679797362215,14.87,0.03788621249066722
2066,瑞泰科技,2017-10-25,0.1093,-72.0,0.4009607826011005,10.64,0.0376842840790508
2591,恒大高新,2017-10-26,0.0542,-43.0,0.40476024106908903,10.75,0.03765211544828735
2560,通达股份,2017-10-26,0.2,-90.0,0.26203161848196344,7.07,0.03706246371739228
300220,金运激光,2017-10-27,0.0534,0.0,0.6996244213468426,19.16,0.036514844537935416
2760,凤形股份,2017-10-23,0.12,0.0,1.5721897108917808,45.99,0.034185468816955444
2486,嘉麟杰,2017-10-31,0.0143,0.0,0.1873526072146039,5.73,0.032696790089808705
600110,诺德股份,2017-10-26,0.023,0.0,0.301336361254258,9.33,0.03229757355351104
300142,沃森生物,2017-10-30,0.05,0.0,0.6550790462049086,20.49,0.03197067087383644
2319,乐通股份,2017-10-30,0.004,979.0,0.5016234521486542,16.07,0.0312149005693002
2213,特尔佳,2017-10-27,0.04,0.0,0.5240632369639269,16.79,0.03121281935461149
600139,西部资源,2017-10-31,0.0175,0.0,0.22927766617171808,7.35,0.03119424029547185
601388,怡球资源,2017-10-31,0.01,0.0,0.13101580924098172,4.26,0.030754884798352516
2180,纳思达,2017-10-31,0.0613,0.0,0.8031269106472181,26.21,0.030642003458497446
2647,民盛金科,2017-10-31,0.5,-86.0,0.9171106646868723,30.84,0.029737699892570437
2316,键桥通讯,2017-10-28,0.0065,81.0,0.32369026591843836,11.17,0.02897853768293987
2655,共达电声,2017-10-30,0.05,-60.0,0.2620316184819635,9.88,0.02652141887469266
2639,雪人股份,2017-10-27,0.05,-66.0,0.22272687570966895,8.41,0.026483576184265036
601968,宝钢包装,2017-10-27,0.01,0.0,0.13101580924098172,5.2,0.025195347930958022
600421,仰帆控股,2017-10-28,0.02,0.0,0.26203161848196344,10.53,0.024884294252798048
2058,威尔泰,2017-10-28,0.04,0.0,0.5240632369639269,22.0,0.02382105622563304
300192,科斯伍德,2017-12-07,0.15,-85.0,0.29478557079220896,12.94,0.022780956011762672
2205,国统股份,2017-10-24,0.1148,-73.0,0.40609660232334704,18.02,0.022535882481872757
2178,延华智能,2017-10-26,0.06,-59.0,0.3222988907328151,14.56,0.02213591282505598
2204,大连重工,2017-10-27,0.01,-30.0,0.09171106646868722,4.15,0.022099052161129448
2272,川润股份,2017-10-17,0.0347,-73.0,0.1227487116778758,5.68,0.02161068867568236
600385,山东金泰,2017-10-28,0.02,0.0,0.26203161848196344,12.58,0.02082922245484606
2201,九鼎新材,2017-10-24,0.02,-20.0,0.20962529478557082,10.72,0.019554598394176382
603799,华友钴业,2017-10-28,0.13,0.0,1.7032055201327627,91.62,0.0185898877988732
300006,莱美药业,2017-10-14,0.009000000000000001,0.0,0.11791422831688358,6.59,0.017892902627751683
600698,湖南天雁,2017-10-27,0.0103,0.0,0.1349462835182112,7.62,0.017709486026011967
600570,恒生电子,2017-10-28,0.03,50.0,0.8843567123766267,51.19,0.017275966250764344
2231,奥维通信,2017-10-26,0.0203,-31.0,0.1835138440038431,10.68,0.017182944195116397
2780,三夫户外,2017-10-28,0.52,-94.0,0.40876932483186346,24.13,0.016940295268622604
600516,方大炭素,2017-10-28,0.04,0.0,0.5240632369639269,34.23,0.015310056586734646
300338,开元股份,2017-10-27,0.0234,0.0,0.30657699362389723,20.08,0.015267778566927154
2691,冀凯股份,2017-10-31,0.04,-30.0,0.3668442658747489,24.46,0.014997721417610339
600793,宜宾纸业,2017-10-31,0.0302,0.0,0.3956677439077649,26.46,0.014953429474972217
600050,中国联通,2017-10-28,0.0073,0.0,0.09564154074591667,6.63,0.014425571756548518
2177,御银股份,2017-10-27,0.03,-80.0,0.07860948554458902,5.63,0.013962608444864836
2330,得利斯,2017-10-26,0.018000000000000002,-50.0,0.11791422831688358,8.52,0.013839698159258637
300142,沃森生物,2017-11-02,0.05,-57.0,0.2816839898681108,20.49,0.013747388475749673
2576,通达动力,2017-10-27,0.03,-46.0,0.2122456109703904,16.16,0.013134010579850891
2378,章源钨业,2017-10-27,0.05,-80.0,0.13101580924098172,10.18,0.012869922322296829
2054,德美化工,2017-10-28,0.35,-96.0,0.1834221329373746,14.41,0.012728808670185608
2259,升达林业,2017-10-30,0.101,-95.0,0.06616298366669585,5.99,0.01104557323317126
300308,中际旭创,2017-10-30,0.05,0.0,0.6550790462049086,61.72,0.010613724014985558
600764,中电广通,2017-10-30,0.022,0.0,0.2882347803301598,27.28,0.010565791067821108
2387,黑牛食品,2017-10-16,0.0558,-80.0,0.1462136431129356,16.6,0.00880805078993588
2485,希努尔,2017-10-21,0.0233,-50.0,0.1526334177657437,25.11,0.006078590910623008
2192,融捷股份,2017-10-28,0.02,-43.0,0.14935802253471922,31.86,0.004687947976607634
2141,贤丰控股,2017-10-26,0.0103,-90.0,0.013494628351821117,7.58,0.0017802939778128123
601108,财通证券,2017-10-23,0.0,0.0,0.0,18.94,0.0
2046,轴研科技,2017-10-27,0.04,-100.0,0.0,9.6,0.0
2170,芭田股份,2017-10-30,0.1019,-100.0,0.0,6.45,0.0
2660,茂硕电源,2017-10-27,-0.01,0.0,-0.13101580924098172,10.77,-0.012164884794891525
601101,昊华能源,2017-10-27,-0.01,0.0,-0.13101580924098172,8.46,-0.015486502274347719
600392,盛和资源,2017-10-27,-0.0349,0.0,-0.4572451742510263,20.39,-0.02242497176316951
2506,协鑫集成,2017-10-28,-0.01,0.0,-0.13101580924098172,4.15,-0.03157007451589921
600455,博通股份,2017-10-28,-0.16,0.0,-2.0962529478557075,35.58,-0.05891660898976132
600290,华仪电气,2017-10-31,-0.06,0.0,-0.7860948554458904,12.99,-0.0605153853307075
721,西安饮食,2017-10-27,0.0247,-205.0,-0.3397895012664861,5.61,-0.06056853855017577
2359,北讯集团,2017-10-17,-0.1162,0.0,-1.5224037033802078,21.72,-0.07009225153684198
600890,中房股份,2017-10-28,-0.0725,0.0,-0.9498646169971174,11.76,-0.080770800765061
300380,安硕信息,2017-10-27,-0.14,0.0,-1.8342213293737446,22.12,-0.08292139825378592
600267,海正药业,2017-10-31,-0.1,0.0,-1.3101580924098173,14.97,-0.08751891064861839
600678,四川金顶,2017-10-31,-0.0809,0.0,-1.0599178967595422,11.45,-0.09256924862528754
710,贝瑞基因,2017-10-27,-0.0277,5594.0,-5.260153078507684,52.93,-0.09937942713976353
600608,*ST沪科,2017-10-31,-0.07,0.0,-0.9171106646868723,8.11,-0.11308392906126663
603227,雪峰科技,2017-10-20,-0.053,0.0,-0.6943837889772031,5.86,-0.11849552712921554
600556,ST慧球,2017-10-31,-0.07,0.0,-0.9171106646868723,6.91,-0.13272223801546632
2529,海源机械,2017-10-30,-0.1625,0.0,-2.1290069001659533,15.99,-0.13314614760262372
2667,鞍重股份,2017-10-24,-0.17,0.0,-2.2272687570966894,16.67,-0.13360940354509232
2568,百润股份,2017-10-20,-0.16,0.0,-2.0962529478557075,13.86,-0.15124480143259073
2288,超华科技,2017-10-28,-0.0665,0.0,-0.8712551314525285,5.7,-0.15285177744781203
2428,云南锗业,2017-10-27,-0.16,0.0,-2.0962529478557075,12.07,-0.17367464356716714
600275,*ST昌鱼,2017-10-27,-0.0809,0.0,-1.0599178967595422,5.81,-0.18242993059544618
601226,华电重工,2017-10-28,-0.0796,0.0,-1.0428858415582145,5.43,-0.19206000765344652
2633,申科股份,2017-10-27,-0.17,0.0,-2.2272687570966894,11.54,-0.1930042250517062
2306,*ST云网,2017-10-30,-0.07,0.0,-0.9171106646868723,4.7,-0.19512992865678133
300397,天和防务,2017-11-01,-0.29,0.0,-3.7994584679884698,19.12,-0.19871644707052666
300397,天和防务,2017-10-27,-0.29,0.0,-3.7994584679884698,19.12,-0.19871644707052666
2015,霞客环保,2017-10-21,-0.103,0.0,-1.3494628351821119,6.61,-0.2041547405721803
300330,华虹计通,2017-11-08,-0.17,0.0,-2.2272687570966894,10.61,-0.20992165476877375
2070,*ST众和,2017-10-31,-0.076,0.0,-0.9957201502314612,4.45,-0.22375733713066542
603800,道森股份,2017-10-28,-0.2887,0.0,-3.782426412787143,16.56,-0.22840739207651833
600311,荣华实业,2017-10-24,-0.0976,0.0,-1.278714298191982,5.42,-0.23592514726789335
2659,中泰桥梁,2017-10-30,-0.25,0.0,-3.2753952310245436,13.87,-0.23614962011712645
2571,*ST德力,2017-10-26,-0.1564,0.0,-2.049087256528954,8.29,-0.24717578486477135
2514,宝馨科技,2017-10-16,-0.15,0.0,-1.9652371386147258,7.72,-0.2545643961936173
600155,宝硕股份,2017-10-27,-0.22,0.0,-2.882347803301598,10.9,-0.2644355782845503
2278,神开股份,2017-10-21,-0.3,0.0,-3.9304742772294516,14.78,-0.2659319538044284
600082,海泰发展,2017-10-30,-0.127,0.0,-1.663900777360468,6.09,-0.27321851844999473
2473,*ST圣莱,2017-10-20,-0.2171,0.0,-2.8443532186217135,10.23,-0.278040392827147
2488,金固股份,2017-10-20,-0.27,0.0,-3.5374268495065073,12.63,-0.2800813024154004
2430,杭氧股份,2017-10-25,-0.34,0.0,-4.454537514193379,15.83,-0.28139845320236123
2159,三特索道,2017-10-28,-0.39,0.0,-5.109616560398288,18.03,-0.28339526125337144
600478,科力远,2017-10-20,-0.152,0.0,-1.9914403004629224,6.9,-0.28861453629897427
600749,西藏旅游,2017-10-31,-0.5029,0.0,-6.5887850467289715,22.55,-0.29218558965538677
2209,达意隆,2017-10-31,-0.2321,0.0,-3.040876932483186,10.39,-0.2926734294979005
603333,明星电缆,2017-10-30,-0.15,0.0,-1.9652371386147258,6.4,-0.3070683029085509
600618,氯碱化工,2017-10-27,-0.2837,0.0,-3.716918508166652,11.57,-0.3212548408095637
600152,维科精华,2017-10-31,-0.2194,0.0,-2.8744868547471394,8.05,-0.35707911239094897
600071,凤凰光学,2017-10-24,-0.49,0.0,-6.419774652808105,16.92,-0.37941930572151916
2194,武汉凡谷,2017-10-30,-0.3,0.0,-3.9304742772294516,10.3,-0.38159944439120885
300275,梅安森,2017-10-26,-0.42,0.0,-5.502663988121233,14.38,-0.3826609171155238
600088,中视传媒,2017-10-28,-0.376,0.0,-4.9261944274609135,12.53,-0.39315198942225965
601616,广电电气,2017-10-28,-0.1202,0.0,-1.5748100270766003,3.93,-0.4007150196123665
2417,三元达,2017-10-30,-0.39,0.0,-5.109616560398288,12.56,-0.4068166051272522
2656,摩登大道,2017-10-27,-0.8,0.0,-10.481264739278538,24.93,-0.4204277873757938
600545,卓郎智能,2017-10-28,-0.3374,0.0,-4.420473403790724,10.38,-0.42586448976789243
2263,大东南,2017-10-26,-0.1,0.0,-1.3101580924098173,2.95,-0.44412138725756517
2064,华峰氨纶,2017-10-20,-0.18,0.0,-2.358284566337671,5.04,-0.4679136044320775
300029,天龙光电,2017-10-30,-0.2851,0.0,-3.7352607214603895,7.53,-0.4960505606189096
300402,宝色股份,2017-10-28,-0.49,0.0,-6.419774652808105,12.71,-0.5050963534860822
2225,濮耐股份,2017-10-26,-0.21,0.0,-2.7513319940606165,5.2,-0.5291023065501186
601798,蓝科高新,2017-10-27,-0.387,0.0,-5.070311817625994,9.49,-0.5342794328373017
600470,六国化工,2017-10-28,-0.24,0.0,-3.1443794217835617,5.79,-0.543070711879717
2207,*ST准油,2017-10-27,-0.38,0.0,-4.978600751157305,8.94,-0.5568904643352691
2215,诺普信,2017-10-23,-0.3,0.0,-3.9304742772294516,7.0,-0.5614963253184931
300309,吉艾科技,2017-10-27,-0.99,0.0,-12.970565114857191,22.46,-0.5774962206080673
2134,*ST普林,2017-10-28,-0.4,0.0,-5.240632369639269,8.55,-0.6129394584373413
600636,*ST爱富,2017-10-25,-0.6888,0.0,-9.024368940518821,14.06,-0.6418470085717511
600322,天房发展,2017-10-31,-0.34,0.0,-4.454537514193379,6.71,-0.6638655013701011
2564,天沃科技,2017-10-30,-0.41,0.0,-5.371648178880251,8.09,-0.6639861778591163
600545,卓郎智能,2017-12-07,-0.3374,26.0,-7.017943575858153,10.38,-0.676102463955506
600497,驰宏锌锗,2017-10-31,-0.4111,0.0,-5.38605991789676,7.82,-0.6887544652041893
2552,宝鼎科技,2017-10-30,-0.56,0.0,-7.336885317494978,10.16,-0.7221343816432065
731,四川美丰,2017-10-24,-0.4233,0.0,-5.545899205170757,7.66,-0.7240077291345636
300105,龙源技术,2017-10-31,-0.3205,0.0,-4.199056686173465,5.7,-0.7366766116093798
300105,龙源技术,2017-10-27,-0.3205,0.0,-4.199056686173465,5.7,-0.7366766116093798
300228,富瑞特装,2017-10-28,-0.63,0.0,-8.253995982181848,10.28,-0.8029178970994016
2467,二六三,2017-10-25,-0.48,0.0,-6.288758843567123,7.75,-0.8114527540086611
600247,ST成城,2017-10-31,-0.6375,0.0,-8.352257839112585,8.81,-0.9480428875269676
600361,华联综超,2017-10-27,-0.39,0.0,-5.109616560398288,5.31,-0.9622630057247247
600202,哈空调,2017-10-31,-0.4726,0.0,-6.191807144728798,6.37,-0.9720262393608787
2248,*ST东数,2017-10-27,-0.7577,0.0,-9.927067866189185,9.43,-1.0527113325757356
600896,览海投资,2017-10-30,-0.57,0.0,-7.467901126735958,7.04,-1.0607814100477213
2528,英飞拓,2017-10-27,-0.436,0.0,-5.712289282906804,5.16,-1.1070328067648845
601608,中信重工,2017-10-26,-0.37,0.0,-4.847584941916324,4.22,-1.1487168108806456
2638,勤上股份,2017-10-28,-0.4339,0.0,-5.684775962966198,4.83,-1.1769722490613246
601028,玉龙股份,2017-10-31,-0.82,0.0,-10.743296357760501,8.81,-1.2194434004268446
600686,金龙汽车,2017-10-31,-1.18,0.0,-15.459865490435842,12.24,-1.2630609060813596
600121,*ST郑煤,2017-10-31,-0.6203,0.0,-8.126910647218097,6.41,-1.2678487749170197
668,荣丰控股,2017-12-30,-0.28,117.0,-19.817767018404712,15.41,-1.2860329019081578
2154,报喜鸟,2017-10-28,-0.33,0.0,-4.323521704952397,3.36,-1.2867624121882135
2570,贝因美,2017-10-28,-0.76,0.0,-9.95720150231461,7.07,-1.4083736212609066
2073,软控股份,2017-10-21,-0.9166,0.0,-12.008909075028386,8.08,-1.4862511231470774
63,中兴通讯,2017-10-19,-0.57,282.0,-58.12645438884874,35.82,-1.622737420124197
63,中兴通讯,2017-10-27,-0.57,282.0,-58.12645438884874,35.82,-1.622737420124197
601919,中远海控,2017-10-31,-0.97,0.0,-12.708533496375228,6.97,-1.8233190095229883
600691,阳煤化工,2017-10-27,-0.517,0.0,-6.773517337758756,3.68,-1.840629711347488
2052,同洲电子,2017-10-21,-0.82,0.0,-10.743296357760501,5.55,-1.9357290734703607
2693,双成药业,2017-10-23,-0.96,0.0,-12.577517687134247,6.43,-1.956068069538763
2490,*ST墨龙,2017-10-23,-0.77,0.0,-10.088217311555594,4.74,-2.1283158885138382
410,*ST沈机,2017-12-25,-1.83,0.0,-23.975893091099657,10.45,-2.2943438364688666
600403,*ST大有,2017-10-26,-0.82,0.0,-10.743296357760501,4.65,-2.3103863134968816
600198,大唐电信,2017-10-28,-2.0129,0.0,-26.372172242117216,11.06,-2.3844640363577954
601808,中海油服,2017-10-27,-2.4,0.0,-31.443794217835613,11.78,-2.669252480291648
600401,*ST海润,2017-10-31,-0.2496,0.0,-3.270154598654904,1.1,-2.9728678169590035
300080,易成新能,2017-10-27,0.0409,-5159.0,-27.10888723906018,6.44,-4.209454540226736
300313,天山生物,2017-10-25,-0.72,103.0,-49.54688822089115,11.65,-4.252951778617266
601558,*ST锐电,2017-10-28,-0.51,0.0,-6.6818062712900685,1.55,-4.310842755671012
600096,云天化,2017-10-27,-2.5668,0.0,-33.62913791597519,7.47,-4.501892625967228
683,远兴能源,2017-12-30,-0.16,234.0,-15.871908681262392,3.0,-5.290636227087464
755,*ST三维,2017-10-28,-1.4382,39.0,-36.405968468861914,6.51,-5.592314664955747
601005,*ST重钢,2017-10-31,-1.06,0.0,-13.887675779544065,2.25,-6.172300346464029
912,*ST天化,2017-10-31,-1.09,52.0,-47.34909349731265,6.79,-6.973356921548255
600815,*ST厦工,2017-10-26,-2.8,0.0,-36.68442658747488,4.37,-8.394605626424458
